Article Date,Advisor Name,Stock Name,Company Code,Call,Price on Article Day,Target Price,Today's Price,Time to reach target,Arbitrage %,Today P/L %,Article URL
2024-06-18 14:15:00,Prabhudas Lilladher,Mahindra and Mahindra,M&M,Buy,2857.45,3250,2720.85,Not reached yet.,55.45404539258125,30.143735201970667,https://www.moneycontrol.com/news/business/stocks/buy-mahindra-and-mahindra-target-of-rs-3250-prabhudas-lilladher-12751087.html
2024-06-18 14:23:00,Prabhudas Lilladher,Praj Industries,PRAJIND,Buy,590.4,815,710.85,Not reached yet.,58.052942887617576,37.85513429651897,https://www.moneycontrol.com/news/business/stocks/buy-praj-industries-target-of-rs-815-prabhudas-lilladher-12751092.html
2024-06-18 14:34:00,Sharekhan,Mahindra & Mahindra Financial Services,M&M,Buy,2857.45,345,2720.85,0,-83.49795518140292,30.143735201970667,https://www.moneycontrol.com/news/business/stocks/buy-mahindra-target-of-rs-345-sharekhan-12751105.html
2024-06-18 14:45:00,Geojit Financial Services,Apollo Hospitals Enterprise,APOLLOHOSP,Buy,6014.55,7059,6944.85,99,13.151293169085761,11.321541063227835,https://www.moneycontrol.com/news/business/stocks/buy-apollo-hospitals-enterprise-target-of-rs-7059-geojit-financial-services-12751129.html
2024-06-18 14:59:00,Motilal Oswal,Vedanta,VEDL,Neutral,460.65,500,455.4,Call type not supported.,31.23359580052493,19.527559055118104,https://www.moneycontrol.com/news/business/stocks/neutral-vedanta-target-of-rs-500-motilal-oswal-12751140.html
2024-06-18 15:15:00,Motilal Oswal,Macrotech Developers,LODHA,Buy,1433.35,1770,1082.35,Not reached yet.,48.079979921358664,-9.449510583117213,https://www.moneycontrol.com/news/business/stocks/buy-macrotech-developers-target-of-rs-1770-motilal-oswal-12751149.html
2024-06-18 15:21:00,Motilal Oswal,ICICI Lombard,ICICIGI,Buy,1655.15,2100,1929.15,86,24.555160142348754,14.421708185053387,https://www.moneycontrol.com/news/business/stocks/buy-icici-lombard-target-of-rs-2100-motilal-oswal-2-12751163.html
2024-06-18 15:26:00,Prabhudas Lilladher,Krishna Institute of Medical Sciences,KIMS,Buy,1901.6,2200,522.75,Not reached yet.,460.4381607438543,33.16774933129537,https://www.moneycontrol.com/news/business/stocks/buy-krishna-institute-of-medical-sciences-target-of-rs-2200-prabhudas-lilladher-12751176.html
2024-06-19 12:26:00,Profitmart,Rudra Global Infra Products,RUDRA,Buy,,75,,,,,https://www.moneycontrol.com/news/business/stocks/buy-rudra-global-infra-products-target-of-rs-75-profitmart-12751777.html
2024-06-19 12:59:00,Emkay Global Financial,One 97 Communications,PAYTM,Reduce,389.05,300,744.45,Not reached yet.,21.609615887117844,-94.52573817611707,https://www.moneycontrol.com/news/business/stocks/reduce-one-97-communications-target-of-rs-300-emkay-global-financial-12751820.html
2024-06-19 15:04:00,Motilal Oswal,Trent,SVT,Buy,,5800,,,,,https://www.moneycontrol.com/news/business/stocks/buy-trent-target-of-rs-5800-motilal-oswal-12751980.html
2024-06-20 10:43:00,Geojit Financial Services,HDFC Life Insurance Company,HDFCLIFE,Buy,571.7,710,709.45,67,19.48838774823291,19.395826321104003,https://www.moneycontrol.com/news/business/stocks/buy-hdfc-life-insurance-company-target-of-rs-710-geojit-financial-services-12752529.html
2024-06-20 10:54:00,Motilal Oswal,SRF,SRF,Neutral,2327.7,2140,2206.9,Call type not supported.,-18.295662797800848,-15.741447770311536,https://www.moneycontrol.com/news/business/stocks/neutral-srf-target-of-rs-2140-motilal-oswal-12752545.html
2024-06-20 12:27:00,Emkay Global Financial,Dr Lal Pathlabs,LALPATHLAB,Buy,2802.05,2800,3137.65,33,20.23101530798463,34.72958756467786,https://www.moneycontrol.com/news/business/stocks/buy-dr-lal-pathlabs-target-of-rs-2800-emkay-global-financial-12752641.html
2024-06-20 12:38:00,Motilal Oswal,DCB Bank,DCBBANK,Buy,131.94,175,116.35,Not reached yet.,28.62918044836456,-14.479970599044481,https://www.moneycontrol.com/news/business/stocks/buy-dcb-bank-target-of-rs-175-motilal-oswal-12752701.html
2024-06-20 14:17:00,Sharekhan,Larsen and Toubro Finance Holdings,LTO,Buy,,205,,,,,https://www.moneycontrol.com/news/business/stocks/buy-larsen-and-toubro-finance-holdings-target-of-rs-205-sharekhan-12752806.html
2024-06-20 14:37:00,KR Choksey,Fineotex Chemicals,FCL,Buy,365.8,573,362.9,Not reached yet.,50.63091482649843,-4.600420609884333,https://www.moneycontrol.com/news/business/stocks/buy-fineotex-chemicals-target-of-rs-573-kr-choksey-12752818.html
2024-06-20 14:53:00,KR Choksey,Ashok Leyland,ASHOKLEY,Accumulate,237.96,243,214.0,64,36.82432432432433,20.4954954954955,https://www.moneycontrol.com/news/business/stocks/accumulate-ashok-leyland-target-of-rs-243-kr-choksey-12752846.html
2024-06-21 11:57:00,Prabhudas Lilladher,Bajaj Auto,BAJAJ-AUTO,Hold,9904.25,9984,10206.1,Call type not supported.,14.30010646945014,16.842780111964657,https://www.moneycontrol.com/news/business/stocks/hold-bajaj-auto-target-of-rs-9984-prabhudas-lilladher-12753501.html
2024-06-21 12:31:00,Motilal Oswal,Alkyl Amines,ALKYLAMINE,Neutral,2009.85,2010,2001.5,Call type not supported.,-3.0227004076906416,-3.4328034159168257,https://www.moneycontrol.com/news/business/stocks/neutral-alkyl-amines-target-of-rs-2010-motilal-oswal-2-12753529.html
2024-06-21 12:42:00,Geojit Financial Services,City Union Bank,CUB,Accumulate,149.25,185,171.0,Not reached yet.,17.75938892425207,8.847867600254618,https://www.moneycontrol.com/news/business/stocks/accumulate-city-union-bank-target-of-rs-185-geojit-financial-services-12753567.html
2024-06-21 13:31:00,Sharekhan,Sun Pharmaceuticals,300026,Buy,,1800,,,,,https://www.moneycontrol.com/news/business/stocks/buy-sun-pharmaceuticals-target-of-rs-1800-sharekhan-12753602.html
2024-06-21 13:38:00,Sharekhan,Lumax Auto Technologies,LUMAXTECH,Buy,504.1,650,504.4,Not reached yet.,32.992327365728904,3.2020460358056217,https://www.moneycontrol.com/news/business/stocks/buy-lumax-auto-technologies-target-of-rs-650-sharekhan-12753612.html
2024-06-21 14:06:00,Sharekhan,Thermax,THERMAX,Hold,5397.1,5200,5431.15,Call type not supported.,20.92179615375671,26.297002534706866,https://www.moneycontrol.com/news/business/stocks/hold-thermax-target-of-rs-5200-sharekhan-12753625.html
2024-06-21 14:19:00,Emkay Global Financial,Gulf Oil Lubricants,GULFOILLUB,Buy,954.1,1350,1122.95,80,29.415712026074857,7.649906533096865,https://www.moneycontrol.com/news/business/stocks/buy-gulf-oil-lubricants-target-of-rs-1350-emkay-global-financial-2-12753638.html
2024-06-21 14:25:00,Emkay Global Financial,PVR INOX,PVRINOX,Buy,1397.75,1650,1489.55,97,17.071094082588328,5.686817085284508,https://www.moneycontrol.com/news/business/stocks/buy-pvr-inox-target-of-rs-1650-emkay-global-financial-12753645.html
2024-06-21 14:33:00,Emkay Global Financial,City Union Bank,CUB,Reduce,149.25,150,171.0,9,4.5194143857415625,-8.847867600254618,https://www.moneycontrol.com/news/business/stocks/reduce-city-union-bank-target-of-rs-150-emkay-global-financial-12753652.html
2024-06-24 10:41:00,Sharekhan,Bajaj Holdings & Investment,BAJAJHLDNG,Buy,8283.6,10181,10156.45,85,25.44124985368679,25.13876653339331,https://www.moneycontrol.com/news/business/earnings/buy-bajaj-holdings-target-of-rs-10181-sharekhan-12754806.html
2024-06-24 10:46:00,Sharekhan,Tech Mahindra,TECHM,Buy,1371.35,1715,1716.45,121,35.73407202216066,35.84883260783538,https://www.moneycontrol.com/news/business/earnings/buy-tech-mahindra-target-of-rs-1715-sharekhan-12754808.html
2024-06-24 11:33:00,Sharekhan,Welspun Living,WELSPUNLIV,Buy,148.4,181,147.49,60,20.747164776517675,-1.6077384923282165,https://www.moneycontrol.com/news/business/earnings/buy-welspun-living-target-of-rs-181-sharekhan-2-12754807.html
2024-06-25 11:39:00,Sharekhan,Can Fin Homes,CANFINHOME,Buy,866.25,1050,850.65,Not reached yet.,35.31799729364005,9.626908950318954,https://www.moneycontrol.com/news/business/earnings/buy-can-fin-homes-target-of-rs-1050-sharekhan-12755641.html
2024-06-26 10:28:00,Sharekhan,Amara Raja Energy & Mobility,ARE&M,Buy,1401.0,1967,1241.8,Not reached yet.,76.30187326342207,11.302321412566094,https://www.moneycontrol.com/news/business/earnings/buy-amara-raja-energy-target-of-rs-1967-sharekhan-12756396.html
2024-06-27 11:26:00,Khambatta Securities,Pune E-Stock Broking,,Buy,,230,,,,,https://www.moneycontrol.com/news/business/stocks/buy-pune-e-stock-broking-target-of-rs-230-khambatta-securities-12757233.html
2024-06-27 11:50:00,Asit C Mehta,PG Electroplast Ltd,PGEL,Accumulate,320.65,4120,566.0,Not reached yet.,1836.3632090990272,166.0149457160314,https://www.moneycontrol.com/news/business/stocks/accumulate-pg-electroplast-ltd-target-of-rs-4120-asit-c-mehta-12757257.html
2024-06-27 12:03:00,Motilal Oswal,Cipla,CIPLA,Buy,1541.55,1700,1488.9,Not reached yet.,19.43234508922298,4.60165800196712,https://www.moneycontrol.com/news/business/stocks/buy-cipla-target-of-rs-1700-motilal-oswal-12757287.html
2024-06-27 12:18:00,Motilal Oswal,Hindustan Unilever,HINDUNILVR,Buy,2441.3,2900,2528.05,87,28.53470437017996,12.049020476908092,https://www.moneycontrol.com/news/business/stocks/buy-hindustan-unilever-target-of-rs-2900-motilal-oswal-4-12757307.html
2024-06-27 12:24:00,Sharekhan,Granules India,GRANULES,Buy,490.65,600,539.6,60,42.01183431952663,27.715976331360952,https://www.moneycontrol.com/news/business/stocks/buy-granules-india-target-of-rs-600-sharekhan-12757325.html
2024-06-27 12:29:00,Sharekhan,Bharti Airtel,BHARTIARTL,Buy,1416.05,1680,1666.0,96,30.902290790088816,29.81143836683808,https://www.moneycontrol.com/news/business/stocks/buy-bharti-airtel-target-of-rs-1680-sharekhan-12757335.html
2024-06-27 12:38:00,Geojit Financial Services,Avanti Feeds,AVANTIFEED,Accumulate,615.85,698,550.5,55,30.34547152194211,2.801120448179272,https://www.moneycontrol.com/news/business/stocks/accumulate-avanti-feeds-target-of-rs-698-geojit-financial-services-12757347.html
2024-06-27 15:17:00,ICICI Direct,Ratnaveer Precision Engineering,RATNAVEER,Buy,141.77,200,178.86,117,77.77777777777779,58.98666666666668,https://www.moneycontrol.com/news/business/stocks/buy-ratnaveer-precision-engineering-target-of-rs-200-icici-direct-12757489.html
2024-06-28 11:15:00,Motilal Oswal,Hindustan Unilever,HINDUNILVR,Buy,2442.2,2900,2528.05,86,21.87946541144826,6.247373287383377,https://www.moneycontrol.com/news/business/stocks/buy-hindustan-unilever-target-of-rs-2900-motilal-oswal-5-12758009.html
2024-06-28 11:25:00,Motilal Oswal,EPL,EPL,Buy,191.8,250,252.7,72,31.717597471022117,33.14014752370915,https://www.moneycontrol.com/news/business/stocks/buy-epl-target-of-rs-250-motilal-oswal-4-12758030.html
2024-06-28 11:33:00,Motilal Oswal,Godrej Properties,GODREJPROP,Buy,3111.25,3600,2929.25,Not reached yet.,29.449838187702266,5.3308162531463505,https://www.moneycontrol.com/news/business/stocks/buy-godrej-properties-target-of-rs-3600-motilal-oswal-12758042.html
2024-06-28 12:10:00,ICICI Securities,UltraTech Cement,ULTRACEMCO,Reduce,10786.0,10553,10995.2,0,-8.991572337437004,-13.558621829298534,https://www.moneycontrol.com/news/business/stocks/reduce-ultratech-cement-target-of-rs-10553-icici-securities-12758063.html
2024-06-28 12:36:00,Sharekhan,Hindustan Unilever,HINDUNILVR,Buy,2442.2,2725,2528.05,50,14.524670084895346,6.247373287383377,https://www.moneycontrol.com/news/business/stocks/buy-hindustan-unilever-target-of-rs-2725-sharekhan-2-12758110.html
2024-06-28 12:55:00,Sharekhan,PI Industries,PIIND,Buy,3803.1,4400,4327.65,59,25.445473984319317,23.382751247327146,https://www.moneycontrol.com/news/business/stocks/buy-pi-industries-target-of-rs-4400-sharekhan-12758140.html
2024-06-28 14:54:00,Motilal Oswal,Star Health,STARHEALTH,Buy,520.65,730,539.95,Not reached yet.,35.14764417291494,-0.03702675182818325,https://www.moneycontrol.com/news/business/stocks/buy-star-health-target-of-rs-730-motilal-oswal-6-12758238.html
2024-07-01 10:59:00,Motilal Oswal,Adani Ports & SEZ,ADANIPORTS,Buy,1485.5,1700,1318.7,Not reached yet.,34.201697256759424,4.101045983816857,https://www.moneycontrol.com/news/business/earnings/buy-adani-ports-target-of-rs-1700-motilal-oswal-12759423.html
2024-07-01 11:38:00,Motilal Oswal,Kalpataru Projects,KPIL,Buy,1182.7,1385,1183.65,43,18.950487396401435,1.6575771889895805,https://www.moneycontrol.com/news/business/earnings/buy-kalpataru-projects-target-of-rs-1385-motilal-oswal-12759424.html
2024-07-01 11:43:00,Prabhudas Lilladher,Bharti Airtel,BHARTIARTL,Accumulate,1475.8,1620,1666.0,86,24.505245359873946,28.040579487376544,https://www.moneycontrol.com/news/business/earnings/accumulate-bharti-airtel-target-of-rs-1620-prabhudas-lilladher-12759425.html
2024-07-01 12:28:00,Sharekhan,Biocon,BIOCON,Buy,346.15,400,312.0,Not reached yet.,31.57894736842105,2.631578947368421,https://www.moneycontrol.com/news/business/earnings/buy-biocon-target-of-rs-400-sharekhan-12759474.html
2024-07-01 12:28:00,Sharekhan,UltraTech Cement,ULTRACEMCO,Buy,11716.7,13000,10995.2,Not reached yet.,36.96176659607867,15.840155082861868,https://www.moneycontrol.com/news/business/earnings/buy-ultratech-cement-target-of-rs-13000-sharekhan-12759473.html
2024-07-02 11:57:00,Profitmart,SRG Housing Finance,SRGHFL,Buy,334.9,411,326.4,Not reached yet.,51.66051660516605,20.442804428044273,https://www.moneycontrol.com/news/business/stocks/buy-srg-housing-finance-target-of-rs-411-profitmart-12760431.html
2024-07-02 12:26:00,ICICI Securities,Star Health and Allied Insurance,STARHEALTH,Buy,558.65,728,539.95,Not reached yet.,38.11420982735723,2.4378675773098126,https://www.moneycontrol.com/news/business/earnings/buy-star-health-and-allied-insurance-target-of-rs-728-icici-securities-2-12760432.html
2024-07-02 12:26:00,Geojit Financial Services,LT Foods,LTFOODS,Sell,256.24,230,350.85,0,-8.311749470214272,-65.22251000706383,https://www.moneycontrol.com/news/business/stocks/sell-lt-foods-target-of-rs-230-geojit-financial-services-12760467.html
2024-07-02 14:32:00,Profitmart,Suraj Estate Developers,SURAJEST,Buy,499.5,636,689.95,39,63.87528987374387,77.77634630249935,https://www.moneycontrol.com/news/business/stocks/buy-suraj-estate-developers-target-of-rs-636-profitmart-12760618.html
2024-07-03 10:48:00,Sharekhan,Supreme Industries,SUPREMEIND,Buy,5966.35,6850,4290.25,Not reached yet.,32.05073832748584,-17.294791224891075,https://www.moneycontrol.com/news/business/stocks/buy-supreme-industries-target-of-rs-6850-sharekhan-12761209.html
2024-07-04 10:43:00,ICICI Securities,Solar Industries,SOLARINDS,Buy,11019.1,13250,10464.85,Not reached yet.,58.58007994829691,25.24654714316491,https://www.moneycontrol.com/news/business/stocks/buy-solar-industries-target-of-rs-13250-icici-securities-12762006.html
2024-07-04 10:51:00,ICICI Securities,Indus Tower,INDUSTOWER,Sell,383.8,270,334.7,Not reached yet.,21.00643651258046,2.0772381509654836,https://www.moneycontrol.com/news/business/stocks/sell-indus-tower-target-of-rs-270-icici-securities-2-12762025.html
2024-07-04 11:59:00,Emkay Global Financial,Epigral,EPIGRAL,Buy,1515.95,2000,1904.7,68,55.79964166082417,48.3757887356859,https://www.moneycontrol.com/news/business/stocks/buy-epigral-target-of-rs-2000-emkay-global-financial-12762077.html
2024-07-04 12:09:00,Sharekhan,Federal Bank,FEDERALBNK,Buy,175.02,220,186.24,Not reached yet.,35.17665130568356,14.43317972350231,https://www.moneycontrol.com/news/business/stocks/buy-federal-bank-target-of-rs-220-sharekhan-12762091.html
2024-07-04 12:23:00,Prabhudas Lilladher,Nazara Technologies,NAZARA,Hold,924.7,878,857.45,Call type not supported.,44.13527045883609,40.76171714684397,https://www.moneycontrol.com/news/business/stocks/hold-nazara-technologies-target-of-rs-878-prabhudas-lilladher-12762103.html
2024-07-04 12:44:00,Asit C Mehta,City Union Bank,CUB,Buy,166.71,205,171.0,Not reached yet.,33.94315583142763,11.728193400849388,https://www.moneycontrol.com/news/business/stocks/buy-city-union-bank-target-of-rs-205-asit-c-mehta-12762127.html
2024-07-05 12:22:00,ICICI Securities,Nazara Technologies,NAZARA,Buy,912.5,1080,857.45,86,74.82800485633346,38.80210441116957,https://www.moneycontrol.com/news/business/stocks/buy-nazara-technologies-target-of-rs-1080-icici-securities-3-12762844.html
2024-07-05 12:29:00,Sharekhan,Bajaj Finance,BAJFINANCE,Buy,7258.8,9300,6910.15,Not reached yet.,37.835975189524476,2.4158348339669344,https://www.moneycontrol.com/news/business/stocks/buy-bajaj-finance-target-of-rs-9300-sharekhan-2-12762931.html
2024-07-08 11:28:00,Sharekhan,Asian Paints,ASIANPAINT,Buy,2898.15,3385,2958.0,Not reached yet.,18.69696332141103,3.723963812329049,https://www.moneycontrol.com/news/business/stocks/buy-asian-paints-target-of-rs-3385-sharekhan-12764240.html
2024-07-08 12:21:00,Geojit Financial Services,Sobha,SOBHA,Sell,2023.5,1714,1549.35,55,2.9857082213103157,12.305079949059012,https://www.moneycontrol.com/news/business/stocks/sell-sobha-target-of-rs-1714-geojit-financial-services-12764304.html
2024-07-08 12:34:00,Asit C Mehta,Time Technoplast,TIMETECHNO,Accumulate,318.05,426,398.7,80,49.00314795383002,39.454354669464855,https://www.moneycontrol.com/news/business/stocks/accumulate-time-technoplast-target-of-rs-426-asit-c-mehta-12764330.html
2024-07-08 12:40:00,CD Equisearch,MM Forgings,MMFL,Accumulate,1297.05,1410,491.55,Not reached yet.,149.57960881493935,-12.992300203557841,https://www.moneycontrol.com/news/business/stocks/accumulate-mm-forgings-target-of-rs-1410-cd-equisearch-12764340.html
2024-07-08 12:57:00,Emkay Global Financial,Marico,MARICO,Reduce,641.3,630,640.1,0,-6.752520545623998,-8.463949843260195,https://www.moneycontrol.com/news/business/stocks/reduce-marico-target-of-rs-630-emkay-global-financial-12764360.html
2024-07-08 13:35:00,Emkay Global Financial,Dabur India,DABUR,Buy,623.45,700,538.7,Not reached yet.,29.785853341985717,-0.12051543524612537,https://www.moneycontrol.com/news/business/stocks/buy-dabur-india-target-of-rs-700-emkay-global-financial-12764354.html
2024-07-08 13:43:00,Emkay Global Financial,Honasa Consumer,HONASA,Buy,461.8,525,399.9,75,23.674911660777383,-5.7950530035335746,https://www.moneycontrol.com/news/business/stocks/buy-honasa-consumer-target-of-rs-525-emkay-global-financial-12764352.html
2024-07-08 13:59:00,Emkay Global Financial,Man Industries,MANINDS,Buy,483.75,500,290.25,Not reached yet.,36.091453456722924,-20.998911268372343,https://www.moneycontrol.com/news/business/stocks/buy-man-industries-target-of-rs-500-emkay-global-financial-12764350.html
2024-07-09 10:54:00,Sharekhan,Dabur India,DABUR,Buy,630.2,715,538.7,Not reached yet.,29.061371841155236,-2.7617328519855513,https://www.moneycontrol.com/news/business/stocks/buy-dabur-india-target-of-rs-715-sharekhan-12765017.html
2024-07-09 11:48:00,Motilal Oswal,VRL Logistics,VRLLOG,Buy,584.9,670,519.7,Not reached yet.,14.647501711156746,-11.071184120465423,https://www.moneycontrol.com/news/business/stocks/buy-vrl-logistics-target-of-rs-670-motilal-oswal-12765072.html
2024-07-10 14:13:00,Emkay Global Financial,HG Infra Engineering,HGINFRA,Buy,1699.25,2100,1304.45,Not reached yet.,38.93023717376204,-13.701167675564813,https://www.moneycontrol.com/news/business/stocks/buy-hg-infra-engineering-target-of-rs-2100-emkay-global-financial-12765919.html
2024-07-11 11:55:00,ICICI Securities,Lupin,LUPIN,Reduce,1817.3,1615,2156.7,0,-0.040263883296688514,-33.59556477839378,https://www.moneycontrol.com/news/business/stocks/reduce-lupin-target-of-rs-1615-icici-securities-12766709.html
2024-07-11 14:19:00,Motilal Oswal,Hindalco,HINDALCO,Buy,696.3,800,678.75,Not reached yet.,18.8265874489417,0.8169327887114741,https://www.moneycontrol.com/news/business/stocks/buy-hindalco-target-of-rs-800-motilal-oswal-12766876.html
2024-07-12 12:40:00,Prabhudas Lilladher,Tata Consultancy Services,TCS,Accumulate,4183.95,4370,4057.55,42,13.59353270687929,5.471725088054483,https://www.moneycontrol.com/news/business/stocks/accumulate-tata-consultancy-services-target-of-rs-4370-prabhudas-lilladher-12767599.html
2024-07-12 12:53:00,Sharekhan,Tata Consultancy Services,TCS,Buy,4183.95,4750,4057.55,Not reached yet.,23.471231203129665,5.471725088054483,https://www.moneycontrol.com/news/business/stocks/buy-tata-consultancy-services-target-of-rs-4750-sharekhan-3-12767617.html
2024-07-12 13:06:00,Emkay Global Financial,TCS,TCS,Reduce,4183.95,3950,4057.55,0,-2.676076474181511,-5.471725088054483,https://www.moneycontrol.com/news/business/stocks/reduce-tcs-target-of-rs-3950-emkay-global-financial-2-12767630.html
2024-07-12 15:29:00,Emkay Global Financial,Go Fashion,GOCOLORS,Buy,1019.85,1350,1199.9,86,38.546798029556655,23.142446633825955,https://www.moneycontrol.com/news/business/stocks/buy-go-fashion-target-of-rs-1350-emkay-global-financial-12767801.html
2024-07-12 15:29:00,Emkay Global Financial,Go Fashion,GOCOLORS,Buy,1081.35,1350,1199.9,86,38.546798029556655,23.142446633825955,https://www.moneycontrol.com/news/business/stocks/buy-go-fashion-target-of-rs-1350-emkay-global-financial-12767801.html
2024-07-15 12:58:00,Sharekhan,HCL Technologies,HCLTECH,Buy,1569.6,1805,1852.35,64,35.52577242181928,39.08097758756617,https://www.moneycontrol.com/news/business/stocks/buy-hcl-technologies-target-of-rs-1805-sharekhan-12769381.html
2024-07-15 13:20:00,Emkay Global Financial,Gulf Oil Lubricants,GULFOILLUB,Buy,1236.4,1500,1122.95,Not reached yet.,59.413358839470746,19.34215420585578,https://www.moneycontrol.com/news/business/stocks/buy-gulf-oil-lubricants-target-of-rs-1500-emkay-global-financial-12769413.html
2024-07-15 13:29:00,Prabhudas Lilladher,Avenue Supermarts,DMART,Accumulate,4988.85,5104,4052.2,37,14.826938435752938,-8.835869919796624,https://www.moneycontrol.com/news/business/stocks/accumulate-avenue-supermarts-target-of-rs-5104-prabhudas-lilladher-12769421.html
2024-07-15 13:38:00,Prabhudas Lilladher,HCL Technologie,HCLTECH,Buy,1569.6,1790,1852.35,64,34.39951946540527,39.08097758756617,https://www.moneycontrol.com/news/business/stocks/buy-hcl-technologie-target-of-rs-1790-prabhudas-lilladher-12769425.html
2024-07-15 15:12:00,ICICI Securities,HCL Technologies,HCLTECH,Reduce,1569.6,1455,1852.35,0,-9.246536772159034,-39.08097758756617,https://www.moneycontrol.com/news/business/stocks/reduce-hcl-technologies-target-of-rs-1455-icici-securities-12769555.html
2024-07-15 15:26:00,ICICI Securities,Aadhar Housing Finance,AADHARHFC,Buy,445.85,550,419.6,Not reached yet.,61.74092045287457,23.393618585502136,https://www.moneycontrol.com/news/business/stocks/buy-aadhar-housing-finance-target-of-rs-550-icici-securities-12769568.html
2024-07-15 15:32:00,Anand Rathi,Affle India,AFFLE,Buy,1425.75,1700,1464.55,59,47.0015997232911,26.641878161615278,https://www.moneycontrol.com/news/business/stocks/buy-affle-india-target-of-rs-1700-anand-rathi-12769576.html
2024-07-16 10:34:00,KR Choksey,TCS,TCS,Accumulate,4178.45,4587,4057.55,Not reached yet.,22.77508631995932,8.603891758785908,https://www.moneycontrol.com/news/business/stocks/accumulate-tcs-target-of-rs-4587-kr-choksey-12770107.html
2024-07-16 10:48:00,Motilal Oswal,Varun Beverages,VBL,Buy,1599.0,1900,611.2,Not reached yet.,232.91281188673955,7.092795065881696,https://www.moneycontrol.com/news/business/stocks/buy-varun-beverages-target-of-rs-1900-motilal-oswal-12770119.html
2024-07-16 12:36:00,Motilal Oswal,HDFC Life Insurance,HDFCLIFE,Buy,646.75,750,709.45,64,36.400836591797756,29.026098026734566,https://www.moneycontrol.com/news/business/stocks/buy-hdfc-life-insurance-target-of-rs-750-motilal-oswal-12770169.html
2024-07-16 12:51:00,Emkay Global Financial,HDFC Life Insurance,HDFCLIFE,Buy,646.75,750,709.45,64,36.400836591797756,29.026098026734566,https://www.moneycontrol.com/news/business/stocks/buy-hdfc-life-insurance-target-of-rs-750-emkay-global-financial-12770315.html
2024-07-16 13:01:00,ICICI Securities,Hatsun Agro Products,HATSUN,Buy,1234.45,1400,1061.15,Not reached yet.,38.36042891732964,4.872263675445971,https://www.moneycontrol.com/news/business/stocks/buy-hatsun-agro-products-target-of-rs-1400-icici-securities-12770337.html
2024-07-16 13:12:00,ICICI Securities,HDFC Life Insurance Company,HDFCLIFE,Buy,646.75,739,709.45,59,34.400290988451395,29.026098026734566,https://www.moneycontrol.com/news/business/stocks/buy-hdfc-life-insurance-company-target-of-rs-739-icici-securities-2-12770357.html
2024-07-16 14:27:00,Prabhudas Lilladher,HDFC Asset Management Company,HDFCAMC,Buy,4087.85,4700,4342.25,94,20.99992276600674,11.789769070360162,https://www.moneycontrol.com/news/business/stocks/buy-hdfc-asset-management-company-target-of-rs-4700-prabhudas-lilladher-12770453.html
2024-07-16 15:16:00,Sharekhan,HDFC Life Insurance Company,HDFCLIFE,Buy,646.75,750,709.45,64,36.400836591797756,29.026098026734566,https://www.moneycontrol.com/news/business/stocks/buy-hdfc-life-insurance-company-target-of-rs-750-sharekhan-4-12770514.html
2024-07-17 12:19:00,Emkay Global Financial,Bajaj Auto,BAJAJ-AUTO,Reduce,9718.35,8300,10206.1,Not reached yet.,11.091591728304481,-9.32627779057249,https://www.moneycontrol.com/news/business/stocks/reduce-bajaj-auto-target-of-rs-8300-emkay-global-financial-12771000.html
2024-07-17 12:45:00,Religare Retail Research,HDFC Life Insurance Company,HDFCLIFE,Buy,646.75,742,709.45,59,34.884566442465,28.967460461734234,https://www.moneycontrol.com/news/business/stocks/buy-hdfc-life-insurance-company-target-of-rs-742-religare-retail-research-12771041.html
2024-07-17 13:04:00,Motilal Oswal,360 One WAM,360ONE,Buy,980.75,1150,1012.15,Not reached yet.,47.44534906083722,29.771139175588168,https://www.moneycontrol.com/news/business/stocks/buy-360-one-wam-target-of-rs-1150-motilal-oswal-12771086.html
2024-07-17 13:14:00,Sharekhan,Bajaj Auto,BAJAJ-AUTO,Buy,9718.35,11400,10206.1,69,22.115163168352883,9.32627779057249,https://www.moneycontrol.com/news/business/stocks/buy-bajaj-auto-target-of-rs-11400-sharekhan-12771098.html
2024-07-17 13:14:00,Sharekhan,Bajaj Auto,BAJAJ-AUTO,Buy,9673.35,11400,10206.1,69,22.115163168352883,9.32627779057249,https://www.moneycontrol.com/news/business/stocks/buy-bajaj-auto-target-of-rs-11400-sharekhan-12771098.html
2024-07-18 12:51:00,KR Choksey,HDFC Life Insurance Co,HDFCLIFE,Buy,638.05,765,709.45,Not reached yet.,43.13780522031994,32.74394237066143,https://www.moneycontrol.com/news/business/stocks/buy-hdfc-life-insurance-co-target-of-rs-765-kr-choksey-12771777.html
2024-07-18 13:07:00,Geojit Financial Services,Tata Consultancy Services,TCS,Buy,4178.45,4821,4057.55,Not reached yet.,29.771197846567965,9.220726783310907,https://www.moneycontrol.com/news/business/stocks/buy-tata-consultancy-services-target-of-rs-4821-geojit-financial-services-12771854.html
2024-07-18 13:31:00,Anand Rathi,Larsen and Toubro Finance,LTF,Buy,184.35,225,140.28,Not reached yet.,50.652828925343165,-6.072982926012718,https://www.moneycontrol.com/news/business/stocks/buy-larsen-and-toubro-finance-target-of-rs-225-anand-rathi-12771893.html
2024-07-18 13:42:00,KR Choksey,HDFC Asset Management Co,HDFCAMC,Buy,4087.85,4905,4342.25,Not reached yet.,41.86961300399143,25.59293110429802,https://www.moneycontrol.com/news/business/stocks/buy-hdfc-asset-management-co-target-of-rs-4905-kr-choksey-12771910.html
2024-07-18 13:51:00,Prabhudas Lilladher,Bajaj Auto,BAJAJ-AUTO,Accumulate,9718.35,10326,10206.1,55,11.67166842404088,10.374996620434212,https://www.moneycontrol.com/news/business/stocks/accumulate-bajaj-auto-target-of-rs-10326-prabhudas-lilladher-12771923.html
2024-07-18 14:30:00,Prabhudas Lilladher,LTIMindtree,LTIM,Accumulate,5562.35,6040,5903.2,58,30.435252070443685,27.48102318249058,https://www.moneycontrol.com/news/business/stocks/accumulate-ltimindtree-target-of-rs-6040-prabhudas-lilladher-12771961.html
2024-07-18 14:45:00,Prabhudas Lilladher,Asian Paints,ASIANPAINT,Accumulate,2974.45,2605,2958.0,0,-8.841180690427453,3.5116266862631846,https://www.moneycontrol.com/news/business/stocks/accumulate-asian-paints-target-of-rs-2605-prabhudas-lilladher-12771989.html
2024-07-19 13:13:00,Geojit Financial Services,Asian Paints,ASIANPAINT,Buy,2931.55,3305,2958.0,67,11.589431923693763,-0.12661433274246645,https://www.moneycontrol.com/news/business/stocks/buy-asian-paints-target-of-rs-3305-geojit-financial-services-12772844.html
2024-07-19 13:49:00,LKP Research,Bajaj Auto,BAJAJ-AUTO,Buy,9626.2,10703,10206.1,58,11.46345908511026,6.288630268947386,https://www.moneycontrol.com/news/business/stocks/buy-bajaj-auto-target-of-rs-10703-lkp-research-12772942.html
2024-07-19 14:16:00,Motilal Oswal,Larsen and Toubro Finance,LTO,Buy,,230,,,,,https://www.moneycontrol.com/news/business/stocks/buy-larsen-and-toubro-finance-target-of-rs-230-motilal-oswal-12772984.html
2024-07-19 14:27:00,KR Choksey,Bajaj Auto,BAJAJ-AUTO,Accumulate,9626.2,10948,10206.1,60,14.01494441406962,6.288630268947386,https://www.moneycontrol.com/news/business/stocks/accumulate-bajaj-auto-target-of-rs-10948-kr-choksey-12773010.html
2024-07-19 14:37:00,KR Choksey,HCL Technologies,HCLTECH,Accumulate,1594.55,1668,1852.35,49,24.134851529359228,37.854431792810885,https://www.moneycontrol.com/news/business/stocks/accumulate-hcl-technologies-target-of-rs-1668-kr-choksey-12773022.html
2024-07-19 15:28:00,Anand Rathi,Karur Vysya Bank,KARURVYSYA,Buy,206.31,259,214.55,Not reached yet.,33.47075496006183,10.564287554753928,https://www.moneycontrol.com/news/business/stocks/buy-karur-vysya-bank-target-of-rs-259-anand-rathi-12773134.html
2024-07-19 16:49:00,Prabhudas Lilladher,Havells India,HAVELLS,Accumulate,1862.65,1976,1694.95,68,10.218652387327088,-5.457942882641673,https://www.moneycontrol.com/news/business/stocks/accumulate-havells-india-target-of-rs-1976-prabhudas-lilladher-12773256.html
2024-07-19 17:01:00,Prabhudas Lilladher,Grindwell Norton,GRINDWELL,Accumulate,2649.85,2749,2202.3,10,14.275024941802467,-8.451114067176576,https://www.moneycontrol.com/news/business/stocks/accumulate-grindwell-norton-target-of-rs-2749-prabhudas-lilladher-2-12773264.html
2024-07-19 17:21:00,Prabhudas Lilladher,Infosys,INFY,Hold,1758.05,1680,1862.05,Call type not supported.,17.474302496328935,30.20418152576743,https://www.moneycontrol.com/news/business/stocks/hold-infosys-target-of-rs-1680-prabhudas-lilladher-12773298.html
2024-07-22 11:32:00,Sharekhan,HDFC Bank,HDFCBANK,Buy,1642.55,1900,1743.4,Not reached yet.,21.693460577723695,11.663357458528159,https://www.moneycontrol.com/news/business/earnings/buy-hdfc-bank-target-of-rs-1900-sharekhan-5-12774317.html
2024-07-22 11:39:00,Sharekhan,Kotak Mahindra Bank,KOTAKBANK,Buy,1757.55,2000,1768.85,Not reached yet.,14.57050382379056,1.32901784435596,https://www.moneycontrol.com/news/business/earnings/buy-kotak-mahindra-bank-target-of-rs-2000-sharekhan-12774318.html
2024-07-22 11:45:00,Sharekhan,UltraTech Cement,ULTRACEMCO,Buy,11515.7,13000,10995.2,Not reached yet.,20.0785128738021,1.5605588269253041,https://www.moneycontrol.com/news/business/earnings/buy-ultratech-cement-target-of-rs-13000-sharekhan-2-12774319.html
2024-07-22 12:08:00,Sharekhan,Polycab India,POLYCAB,Buy,6289.0,7400,6455.4,84,8.84113606612835,-5.052287870096634,https://www.moneycontrol.com/news/business/earnings/buy-polycab-india-target-of-rs-7400-sharekhan-2-12774320.html
2024-07-22 12:18:00,Sharekhan,Indian Hotels Company,INDHOTEL,Buy,620.35,7400,691.25,Not reached yet.,1170.8226000343466,18.71028679374894,https://www.moneycontrol.com/news/business/earnings/buy-indian-hotels-company-target-of-rs-7400-sharekhan-12774321.html
2024-07-22 12:37:00,Sharekhan,Persistent Systems,PERSISTENT,Buy,4759.0,5220,5670.9,58,39.36724068882659,51.40568682418901,https://www.moneycontrol.com/news/business/earnings/buy-persistent-systems-target-of-rs-5220-sharekhan-12774323.html
2024-07-22 12:50:00,Sharekhan,L&T Technology Services,LTTS,Buy,5001.2,5500,5170.3,52,14.60362772574311,7.7336611691653845,https://www.moneycontrol.com/news/business/earnings/buy-l-target-of-rs-5500-sharekhan-12774322.html
2024-07-22 13:02:00,Sharekhan,Dalmia Bharat,DALBHARAT,Buy,1771.15,2250,1771.45,Not reached yet.,19.968008531058384,-5.547853905625164,https://www.moneycontrol.com/news/business/earnings/buy-dalmia-bharat-target-of-rs-2250-sharekhan-6-12774324.html
2024-07-22 13:13:00,Sharekhan,Atul,ATUL,Buy,7272.95,7990,7404.55,40,33.74287555551837,23.943155093193187,https://www.moneycontrol.com/news/business/earnings/buy-atul-target-of-rs-7990-sharekhan-12774325.html
2024-07-22 13:34:00,Sharekhan,Mastek,MASTEK,Buy,2652.3,3150,2641.45,Not reached yet.,12.951807228915655,-5.283634538152623,https://www.moneycontrol.com/news/business/earnings/buy-mastek-target-of-rs-3150-sharekhan-3-12774326.html
2024-07-22 17:46:00,KR Choksey,Jio Financial Services,JIOFIN,Hold,340.95,350,311.2,Call type not supported.,-0.09990009990010638,-11.174539745968326,https://www.moneycontrol.com/news/business/stocks/buy-jio-financial-services-target-of-rs-350-kr-choksey-12773171.html
2024-07-23 11:21:00,Sharekhan,Can Fin Homes,CANFINHOME,Buy,835.35,1050,850.65,Not reached yet.,32.793727077273296,7.581889465030976,https://www.moneycontrol.com/news/business/buy-can-fin-homes-target-of-rs-1050-sharekhan-2-12775609.html
2024-07-23 11:21:00,Sharekhan,Nippon Life India Asset Management,NAM-INDIA,Buy,638.75,750,681.55,Not reached yet.,22.60912211868562,11.418996239986907,https://www.moneycontrol.com/news/business/buy-nippon-life-india-asset-management-target-of-rs-750-sharekhan-12775606.html
2024-07-23 11:21:00,Sharekhan,Supreme Industries,SUPREMEIND,Buy,5530.0,6850,4290.25,Not reached yet.,11.28530465367525,-30.300470322564927,https://www.moneycontrol.com/news/business/buy-supreme-industries-target-of-rs-6850-sharekhan-2-12775607.html
2024-07-23 11:22:00,Sharekhan,Wipro: target of Rs 470: Sharekhan,WIPRO,Reduce,497.6,470,543.45,Not reached yet.,1.2708749080978914,-14.158176662115332,https://www.moneycontrol.com/news/business/reduce-wipro-target-of-rs-470-sharekhan-12775608.html
2024-07-23 11:51:00,Prabhudas Lilladher,Nippon Life India Asset Management,NAM-INDIA,Buy,638.75,700,681.55,46,14.435180644106579,11.418996239986907,https://www.moneycontrol.com/news/business/stocks/buy-nippon-life-india-asset-management-target-of-rs-700-prabhudas-lilladher-12775687.html
2024-07-23 11:53:00,ICICI Securities,HDFC Bank,HDFCBANK,Buy,1615.7,1850,1743.4,Not reached yet.,18.225971370143153,11.413599182004099,https://www.moneycontrol.com/news/business/earnings/buy-hdfc-bank-target-of-rs-1850-icici-securities-2-12775653.html
2024-07-23 12:11:00,Prabhudas Lilladher,HDFC Bank,HDFCBANK,Buy,1642.55,2000,1743.4,Not reached yet.,27.811860940695297,11.413599182004099,https://www.moneycontrol.com/news/business/stocks/buy-hdfc-bank-target-of-rs-2000-prabhudas-lilladher-5-12775684.html
2024-07-23 12:11:00,Prabhudas Lilladher,Kotak Mahindra Bank,KOTAKBANK,Buy,1757.55,2125,1768.85,Not reached yet.,23.546511627906977,2.840116279069762,https://www.moneycontrol.com/news/business/stocks/buy-kotak-mahindra-bank-target-of-rs-2125-prabhudas-lilladher-12775678.html
2024-07-23 12:12:00,Prabhudas Lilladher,Can Fin Homes,CANFINHOME,Buy,835.35,930,850.65,65,17.61730112558492,7.581889465030976,https://www.moneycontrol.com/news/business/stocks/buy-can-fin-homes-target-of-rs-930-prabhudas-lilladher-12775676.html
2024-07-23 12:19:00,Prabhudas Lilladher,MRPL,MRPL,Sell,214.72,130,144.84,Not reached yet.,39.02153009052957,32.06060321778695,https://www.moneycontrol.com/news/business/stocks/sell-mrpl-target-of-rs-130-prabhudas-lilladher-12775625.html
2024-07-23 12:41:00,ICICI Securities,Kotak Mahindra Bank,KOTAKBANK,Hold,1757.55,1730,1768.85,Call type not supported.,0.5813953488372093,2.840116279069762,https://www.moneycontrol.com/news/business/earnings/hold-kotak-mahindra-bank-target-of-rs-1730-icici-securities-12775655.html
2024-07-23 12:52:00,Prabhudas Lilladher,CEAT,CEATLTD,Accumulate,2618.4,2992,2747.95,65,18.504435994930283,8.838323827629896,https://www.moneycontrol.com/news/business/stocks/accumulate-ceat-target-of-rs-2992-prabhudas-lilladher-12775611.html
2024-07-23 12:53:00,Prabhudas Lilladher,JSW Steel,JSWSTEEL,Accumulate,885.85,1022,943.85,76,12.295352159103393,3.7083836940995494,https://www.moneycontrol.com/news/business/stocks/accumulate-jsw-steel-target-of-rs-1022-prabhudas-lilladher-12775602.html
2024-07-23 12:53:00,Prabhudas Lilladher,Ultratech Cement,ULTRACEMCO,Accumulate,11468.4,11848,10995.2,13,8.363706207041636,0.5638607771492467,https://www.moneycontrol.com/news/business/stocks/accumulate-ultratech-cement-target-of-rs-11848-prabhudas-lilladher-12775594.html
2024-07-25 18:39:00,Sharekhan,Larsen & Toubro,LT,Buy,3656.2,4160,3326.4,Not reached yet.,12.32162866361562,-10.185897695516585,https://www.moneycontrol.com/news/business/buy-larsen-target-of-rs-4160-sharekhan-12778462.html
2024-07-25 18:39:00,Sharekhan,Federal Bank,FEDERALBNK,Buy,196.6,240,186.24,Not reached yet.,39.32427725531175,8.11563915012192,https://www.moneycontrol.com/news/business/buy-federal-bank-target-of-rs-240-sharekhan-12778463.html
2024-07-25 18:39:00,Sharekhan,Schaeffler India,SCHAEFFLER,Buy,3978.4,4764,3604.3,1,5.295729820528697,-20.336398196445927,https://www.moneycontrol.com/news/business/buy-schaeffler-india-target-of-rs-4764-sharekhan-12778465.html
2024-07-25 18:39:00,Sharekhan,Axis Bank,AXISBANK,Buy,1309.4,1470,1189.35,Not reached yet.,25.143659813561474,1.2514365981355993,https://www.moneycontrol.com/news/business/buy-axis-bank-target-of-rs-1470-sharekhan-12778464.html
2024-07-25 18:39:00,Sharekhan,Bajaj Finance,BAJFINANCE,Buy,7110.0,8300,6910.15,Not reached yet.,13.777339118157084,-5.274881938875526,https://www.moneycontrol.com/news/business/buy-bajaj-finance-target-of-rs-8300-sharekhan-12778470.html
2024-07-25 18:39:00,Sharekhan,Greenlam Industries,GREENLAM,Buy,561.9,670,505.4,Not reached yet.,10.188306882657685,-16.881835375380312,https://www.moneycontrol.com/news/business/buy-greenlam-industries-target-of-rs-670-sharekhan-2-12778466.html
2024-07-25 18:39:00,Sharekhan,Ramkrishna Forgings,RKFORGE,Buy,887.3,1029,906.7,84,36.5808335545527,20.34775683567827,https://www.moneycontrol.com/news/business/buy-ramkrishna-forgings-target-of-rs-1029-sharekhan-12778467.html
2024-07-25 18:39:00,Sharekhan,SRF,SRFM,Buy,,2663,,,,,https://www.moneycontrol.com/news/business/buy-srf-target-of-rs-2663-sharekhan-12778468.html
2024-07-25 18:41:00,Sharekhan,JSW Steel: target of Rs 850: Sharekhan,,Reduce,,850,,,,,https://www.moneycontrol.com/news/business/reduce-jsw-steel-target-of-rs-850-sharekhan-12778471.html
2024-07-25 19:14:00,Motilal Oswal,SBI Life Insurance,SBILIFE,Buy,1659.8,1900,,,,,https://www.moneycontrol.com/news/business/buy-sbi-life-insurance-target-of-rs-1900-motilal-oswal-12778501.html
2024-07-25 19:14:00,Motilal Oswal,Petronet LNG,PETRONET,Neutral,347.05,380,699.25,Call type not supported.,-4.893388556527071,7.263383954594267,https://www.moneycontrol.com/news/business/neutral-petronet-lng-target-of-rs-380-motilal-oswal-12778504.html
2024-07-25 19:14:00,Motilal Oswal,Jindal Steel & Power,JINDALSTEL,Buy,989.95,1200,1616.75,55,31.043520242775358,11.50769018553003,https://www.moneycontrol.com/news/business/buy-jindal-steel-target-of-rs-1200-motilal-oswal-12778499.html
2024-07-25 19:14:00,Motilal Oswal,SONA BLW Precision Forging,SONACOMS,Neutral,711.5,620,337.55,Call type not supported.,17.628850023216216,4.488469277201671,https://www.moneycontrol.com/news/business/neutral-sona-blw-precision-forging-target-of-rs-620-motilal-oswal-12778502.html
2024-07-25 19:14:00,Motilal Oswal,SRF,SRFM,Neutral,,2130,899.05,Not reached yet.,15.24609843937575,-13.65666266506603,https://www.moneycontrol.com/news/business/neutral-srf-target-of-rs-2130-motilal-oswal-12778503.html
2024-07-25 19:15:00,Motilal Oswal,United Spirits,UNITDSPR,Neutral,1299.45,1400,1480.2,Call type not supported.,9.765180916539256,16.053157709043866,https://www.moneycontrol.com/news/business/neutral-united-spirits-target-of-rs-1400-motilal-oswal-12778506.html
2024-07-25 20:15:00,ICICI Securities,Poonawalla Fincorp,POONAWALLA,Hold,413.25,390,297.05,Call type not supported.,-10.57096996101812,-31.884888786975463,https://www.moneycontrol.com/news/business/earnings/hold-poonawalla-fincorp-target-of-rs-390-icici-securities-12778543.html
2024-07-25 20:27:00,ICICI Securities,Kajaria Ceramics,KAJARIACER,Hold,1365.2,1433,1230.95,Call type not supported.,10.733328181747941,-4.879839270535498,https://www.moneycontrol.com/news/business/earnings/hold-kajaria-ceramics-target-of-rs-1433-icici-securities-12778545.html
2024-07-25 20:35:00,ICICI Securities,Blue Dart Express,BLUEDART,Hold,8436.55,7500,7719.55,Call type not supported.,-7.355938484343154,-4.64393799024149,https://www.moneycontrol.com/news/business/earnings/hold-blue-dart-express-target-of-rs-7500-icici-securities-12778546.html
2024-07-25 20:40:00,ICICI Securities,Mahindra Logistics,MAHLOG,Reduce,523.65,450,409.4,90,2.7447590231251326,11.519342986816515,https://www.moneycontrol.com/news/business/earnings/reduce-mahindra-logistics-target-of-rs-450-icici-securities-12778549.html
2024-07-25 20:46:00,ICICI Securities,Bajaj Finance,BAJFINANCE,Buy,7110.0,8500,6910.15,Not reached yet.,16.518961747510268,-5.274881938875526,https://www.moneycontrol.com/news/business/earnings/buy-bajaj-finance-target-of-rs-8500-icici-securities-3-12778550.html
2024-07-25 20:47:00,ICICI Securities,Gravita India,GRAVITA,Buy,1396.15,1750,1991.6,37,36.67070170643133,55.53906829630206,https://www.moneycontrol.com/news/business/earnings/buy-gravita-india-target-of-rs-1750-icici-securities-12778552.html
2024-07-25 20:52:00,ICICI Securities,Thyrocare Technologies,THYROCARE,Buy,643.9,825,886.2,40,25.944584382871543,35.28738264254639,https://www.moneycontrol.com/news/business/earnings/buy-thyrocare-technologies-target-of-rs-825-icici-securities-12778554.html
2024-07-26 10:50:00,Sharekhan,Kajaria Ceramics,KAJARIACER,Buy,1365.2,1700,1230.95,Not reached yet.,32.35752102148862,-4.161476175646219,https://www.moneycontrol.com/news/business/earnings/buy-kajaria-ceramics-target-of-rs-1700-sharekhan-12779032.html
2024-07-26 11:32:00,Sharekhan,Hindustan Unilever,HINDUNILVR,Buy,2738.4,3260,2528.05,Not reached yet.,31.464865409819538,1.9477769936485607,https://www.moneycontrol.com/news/business/earnings/buy-hindustan-unilever-target-of-rs-3260-sharekhan-12779034.html
2024-07-26 11:43:00,Motilal Oswal,ICICI Prudential Life Insurance,0P0000NQXO,Buy,,740,,,,,https://www.moneycontrol.com/news/business/earnings/buy-icici-prudential-life-insurance-target-of-rs-740-motilal-oswal-12779036.html
2024-07-26 11:44:00,Prabhudas Lilladher,Indoco Remedies,INDOCO,Accumulate,336.6,320,304.0,0,-1.885635443814189,-6.7913536716234795,https://www.moneycontrol.com/news/business/stocks/accumulate-indoco-remedies-target-of-rs-320-prabhudas-lilladher-12777894.html
2024-07-26 11:44:00,Motilal Oswal,Blue Dart Express,BLUEDART,Buy,8436.55,9500,7719.55,Not reached yet.,19.669209112495352,-2.7586901890143665,https://www.moneycontrol.com/news/business/earnings/buy-blue-dart-express-target-of-rs-9500-motilal-oswal-12779035.html
2024-07-26 11:44:00,Prabhudas Lilladher,SRF,SRFM,Reduce,,2048,,,,,https://www.moneycontrol.com/news/business/stocks/reduce-srf-target-of-rs-2048-prabhudas-lilladher-12777919.html
2024-07-26 11:44:00,Prabhudas Lilladher,Jindal Steel and Power,,Hold,,978,,,,,https://www.moneycontrol.com/news/business/stocks/hold-jindal-steel-and-power-target-of-rs-978-prabhudas-lilladher-12777899.html
2024-07-26 11:45:00,Prabhudas Lilladher,Larsen & Toubro,LT,Buy,3656.2,4130,3326.4,Not reached yet.,11.990888876837133,-9.79988068767287,https://www.moneycontrol.com/news/business/stocks/buy-larsen-target-of-rs-4130-prabhudas-lilladher-12777864.html
2024-07-26 11:45:00,Prabhudas Lilladher,Axis Bank,AXISBANK,Buy,1309.4,1425,1189.35,Not reached yet.,20.655349053808056,0.7027644892256852,https://www.moneycontrol.com/news/business/stocks/buy-axis-bank-target-of-rs-1425-prabhudas-lilladher-12777866.html
2024-07-26 11:45:00,Prabhudas Lilladher,Petronet LNG,PETRONET,Sell,347.05,266,337.55,Not reached yet.,17.875887619635684,-4.214263661623969,https://www.moneycontrol.com/news/business/stocks/sell-petronet-lng-target-of-rs-266-prabhudas-lilladher-12777869.html
2024-07-26 11:51:00,Motilal Oswal,Kajaria Ceramics,KAJARIACER,Buy,1365.2,1670,1230.95,Not reached yet.,30.02180006228588,-4.161476175646219,https://www.moneycontrol.com/news/business/earnings/buy-kajaria-ceramics-target-of-rs-1670-motilal-oswal-12779038.html
2024-07-26 11:57:00,KR Choksey,Kotak Mahindra Bank,KOTAKBANK,Accumulate,1826.75,1935,1768.85,Not reached yet.,12.683438155136265,3.007803400885154,https://www.moneycontrol.com/news/business/stocks/accumulate-kotak-mahindra-bank-target-of-rs-1935-kr-choksey-12779134.html
2024-07-26 11:58:00,Motilal Oswal,Coforge,COFORGE,Neutral,5997.6,6100,7739.85,Call type not supported.,17.26822703897727,48.79319459797185,https://www.moneycontrol.com/news/business/earnings/neutral-coforge-target-of-rs-6100-motilal-oswal-12779037.html
2024-07-26 12:04:00,KR Choksey,Persistent Systems,PERSISTENT,hold,4896.15,4901,5670.9,Call type not supported.,29.903519932145876,50.31011450381677,https://www.moneycontrol.com/news/business/stocks/hold-persistent-systems-target-of-rs-4901-kr-choksey-12779141.html
2024-07-26 12:06:00,Motilal Oswal,Torrent Pharma,TORNTPHARM,Neutral,3058.3,3340,3432.85,Call type not supported.,15.887720759168666,19.109330002428784,https://www.moneycontrol.com/news/business/earnings/neutral-torrent-pharma-target-of-rs-3340-motilal-oswal-12779039.html
2024-07-26 12:11:00,KR Choksey,Rossari Biotech,ROSSARI,Buy,814.55,931,764.45,48,21.02697432564186,-0.6239844003899844,https://www.moneycontrol.com/news/business/stocks/buy-rossari-biotech-target-of-rs-931-kr-choksey-12779154.html
2024-07-26 12:25:00,KR Choksey,Hindustan Unilever,HINDUNILVR,Accumulate,2738.4,2956,2528.05,61,19.20556507712471,1.9477769936485607,https://www.moneycontrol.com/news/business/stocks/accumulate-hindustan-unilever-target-of-rs-2956-kr-choksey-12779191.html
2024-07-26 12:32:00,Geojit Financial Services,Suzlon Energy,SUZLON,Buy,55.39,73,67.47,38,47.534357316087316,36.35812449474536,https://www.moneycontrol.com/news/business/stocks/buy-suzlon-energy-target-of-rs-73-geojit-financial-services-12779205.html
2024-07-26 12:39:00,Geojit Financial Services,South Indian Bank,SOUTHBANK,Accumulate,26.51,32,22.51,Not reached yet.,15.481775532298805,-18.765788523998552,https://www.moneycontrol.com/news/business/stocks/accumulate-south-indian-bank-target-of-rs-32-geojit-financial-services-12779212.html
2024-07-26 12:40:00,Sharekhan,ICICI Prudential Life Insurance,0P0000NQXO,Buy,,800,,,,,https://www.moneycontrol.com/news/business/buy-icici-prudential-life-insurance-target-of-rs-800-sharekhan-12779183.html
2024-07-26 12:41:00,Sharekhan,Mahindra Lifespace Developers,MAHLIFE,Buy,609.15,785,494.35,Not reached yet.,27.063774684363885,-19.982194885076066,https://www.moneycontrol.com/news/business/buy-mahindra-lifespace-developers-target-of-rs-785-sharekhan-2-12779186.html
2024-07-26 12:41:00,Sharekhan,Jyothy Labs,JYOTHYLAB,Buy,497.0,655,487.0,Not reached yet.,45.36173990235241,8.07811806480248,https://www.moneycontrol.com/news/business/buy-jyothy-labs-target-of-rs-655-sharekhan-12779184.html
2024-07-26 12:42:00,Sharekhan,AU Small Finance Bank: target of Rs 700: Sharekhan,AUBANK,Hold,633.05,700,604.5,Call type not supported.,5.8601134215500945,-8.582230623818525,https://www.moneycontrol.com/news/business/hold-au-small-finance-bank-target-of-rs-700-sharekhan-2-12779188.html
2024-07-26 12:42:00,Sharekhan,Mahindra Logistics,MAHLOG,Buy,523.65,632,409.4,Not reached yet.,35.230555258371666,-12.399700438643425,https://www.moneycontrol.com/news/business/buy-mahindra-logistics-target-of-rs-632-sharekhan-12779187.html
2024-07-26 12:43:00,Anand Rathi,Polycab India,POLYCAB,Buy,6552.25,7750,6455.4,Not reached yet.,9.464822949476694,-8.82074605573525,https://www.moneycontrol.com/news/business/earnings/buy-polycab-india-target-of-rs-7750-anand-rathi-12779155.html
2024-07-26 12:44:00,Anand Rathi,Havells India,HAVELLS,Buy,1862.65,2146,1694.95,Not reached yet.,16.66213645012232,-7.858113617830929,https://www.moneycontrol.com/news/business/earnings/buy-havells-india-target-of-rs-2146-anand-rathi-12779156.html
2024-07-26 12:50:00,Anand Rathi,Mahindra and Mahindra Financial Services,,Buy,,340,,,,,https://www.moneycontrol.com/news/business/earnings/buy-mahindra-and-mahindra-financial-services-target-of-rs-340-anand-rathi-12779157.html
2024-07-26 12:52:00,Prabhudas Lilladher,Westlife Foodworld,WESTLIFE,Hold,851.25,791,775.55,Call type not supported.,-1.751335237858654,-3.670351509129309,https://www.moneycontrol.com/news/business/stocks/hold-westlife-foodworld-target-of-rs-791-prabhudas-lilladher-12779240.html
2024-07-26 12:58:00,Prabhudas Lilladher,Tech Mahindra,TECHM,Reduce,1539.35,1340,1716.45,Not reached yet.,2.2931933355208023,-25.155856939735315,https://www.moneycontrol.com/news/business/stocks/reduce-tech-mahindra-target-of-rs-1340-prabhudas-lilladher-12779250.html
2024-07-26 13:10:00,Anand Rathi,Go Fashion (India),GOCOLORS,Buy,1071.65,1366,1199.9,73,28.54051002164298,12.91051096264233,https://www.moneycontrol.com/news/business/earnings/buy-go-fashion-india-target-of-rs-1366-anand-rathi-12779158.html
2024-07-26 13:13:00,Anand Rathi,Hindustan Unilever,HINDUNILVR,Buy,2738.4,3130,2528.05,Not reached yet.,26.222401451759247,1.9477769936485607,https://www.moneycontrol.com/news/business/earnings/buy-hindustan-unilever-target-of-rs-3130-anand-rathi-12779161.html
2024-07-26 13:13:00,Motilal Oswal,Zensar,ZENSARTECH,Neutral,790.3,750,686.05,Call type not supported.,7.688994184794307,-1.493287386029161,https://www.moneycontrol.com/news/business/earnings/neutral-zensar-target-of-rs-750-motilal-oswal-12779040.html
2024-07-26 13:14:00,Prabhudas Lilladher,Nestle India,NESTLEIND,Accumulate,2627.05,2746,2260.7,71,8.0039331366765,-11.083579154375622,https://www.moneycontrol.com/news/business/stocks/accumulate-nestle-india-target-of-rs-2746-prabhudas-lilladher-12779277.html
2024-07-26 13:15:00,Axis Capital,Mahindra and Mahindra Financial Services,,Buy,,350,,,,,https://www.moneycontrol.com/news/business/earnings/buy-mahindra-and-mahindra-financial-services-target-of-rs-350-axis-capital-12779159.html
2024-07-26 13:19:00,Prabhudas Lilladher,AAVAS Financiers,AAVAS,Accumulate,1775.3,1875,1673.95,1,1.143596936023306,-9.701693818103351,https://www.moneycontrol.com/news/business/stocks/accumulate-aavas-financiers-target-of-rs-1875-prabhudas-lilladher-12779289.html
2024-07-26 13:26:00,Prabhudas Lilladher,Federal Bank,FEDERALBNK,Buy,196.6,210,186.24,Not reached yet.,20.412844036697244,6.788990825688075,https://www.moneycontrol.com/news/business/stocks/buy-federal-bank-target-of-rs-210-prabhudas-lilladher-12779301.html
2024-07-26 14:13:00,Emkay Global Financial,Canara Bank,CANBK,Buy,115.77,130,94.24,Not reached yet.,7.606986176641005,-21.993212482410403,https://www.moneycontrol.com/news/business/stocks/buy-canara-bank-target-of-rs-130-emkay-global-financial-12779352.html
2024-07-26 14:39:00,Emkay Global Financial,Westlife Foodworld,WESTLIFE,Reduce,851.25,875,775.55,0,-8.682151285554585,3.670351509129309,https://www.moneycontrol.com/news/business/stocks/reduce-westlife-foodworld-target-of-rs-875-emkay-global-financial-12779375.html
2024-07-26 14:50:00,KR Choksey,Bajaj Finance,BAJFINANCE,Buy,7110.0,7945,6910.15,Not reached yet.,8.219653887802982,-5.876143321233262,https://www.moneycontrol.com/news/business/stocks/buy-bajaj-finance-target-of-rs-7945-kr-choksey-12779410.html
2024-07-26 14:58:00,Motilal Oswal,Federal Bank,FEDERALBNK,Buy,196.6,230,186.24,Not reached yet.,31.880733944954127,6.788990825688075,https://www.moneycontrol.com/news/business/buy-federal-bank-target-of-rs-230-motilal-oswal-12779387.html
2024-07-26 14:58:00,Motilal Oswal,DCB Bank,DCBBANK,Buy,135.46,175,116.35,Not reached yet.,28.148799062683068,-14.799355594610434,https://www.moneycontrol.com/news/business/buy-dcb-bank-target-of-rs-175-motilal-oswal-2-12779388.html
2024-07-26 14:58:00,Motilal Oswal,Canara Bank,CANBK,Buy,115.77,133,94.24,Not reached yet.,10.090224319178875,-21.993212482410403,https://www.moneycontrol.com/news/business/buy-canara-bank-target-of-rs-133-motilal-oswal-12779386.html
2024-07-26 14:59:00,Motilal Oswal,Larsen & Toubro,LT,Buy,3656.2,4150,2720.85,Not reached yet.,12.681827494365914,-7.093833230895309,https://www.moneycontrol.com/news/business/buy-larsen-target-of-rs-4150-motilal-oswal-12779390.html
2024-07-26 14:59:00,Motilal Oswal,Laurus Labs,LAURUSLABS,Buy,457.0,505,465.8,59,16.118647965049444,7.105081627960459,https://www.moneycontrol.com/news/business/buy-laurus-labs-target-of-rs-505-motilal-oswal-12779389.html
2024-07-26 14:59:00,Motilal Oswal,Mahindra & Mahindra,M&M,Buy,2819.45,3300,3326.4,Not reached yet.,12.53321763653126,-9.79988068767287,https://www.moneycontrol.com/news/business/buy-mahindra-target-of-rs-3300-motilal-oswal-12779391.html
2024-07-26 15:26:00,KR Choksey,Poonawalla Fincorp,POONAWALLA,Buy,411.8,455,297.05,Not reached yet.,4.035669372356232,-32.07957013833314,https://www.moneycontrol.com/news/business/stocks/buy-poonawalla-fincorp-target-of-rs-455-kr-choksey-12779432.html
2024-07-26 15:51:00,Motilal Oswal,The Ramco Cements,RAMCOCEM,Neutral,777.8,890,853.05,Call type not supported.,2.3753378961292895,-1.8749640536032748,https://www.moneycontrol.com/news/business/neutral-the-ramco-cements-target-of-rs-890-motilal-oswal-12779457.html
2024-07-26 15:51:00,Motilal Oswal,Hitachi Energy,POWERINDIA,Neutral,11190.35,12000,13309.45,Call type not supported.,8.206566335133774,20.01415702576219,https://www.moneycontrol.com/news/business/neutral-hitachi-energy-target-of-rs-12000-motilal-oswal-12779453.html
2024-07-26 15:51:00,Motilal Oswal,Nestlé India,NESTLEIND,Neutral,2597.85,2500,2260.7,Call type not supported.,-1.671583087512291,-11.083579154375622,https://www.moneycontrol.com/news/business/neutral-nestle-india-target-of-rs-2500-motilal-oswal-12779456.html
2024-07-26 15:51:00,Motilal Oswal,Mahindra Lifespaces,MAHLIFE,Neutral,597.55,600,494.35,Call type not supported.,-2.881191324053084,-19.982194885076066,https://www.moneycontrol.com/news/business/neutral-mahindra-lifespaces-target-of-rs-600-motilal-oswal-12779455.html
2024-07-26 15:51:00,Motilal Oswal,Axis Bank,AXISBANK,Neutral,1292.35,1175,1189.35,Call type not supported.,-0.5122560433512514,0.7027644892256852,https://www.moneycontrol.com/news/business/neutral-axis-bank-target-of-rs-1175-motilal-oswal-2-12779452.html
2024-07-26 15:51:00,Emkay,Axis Bank,AXISBANK,Buy,1292.35,1400,1189.35,Not reached yet.,18.53858854409213,0.7027644892256852,https://www.moneycontrol.com/news/business/buy-axis-bank-target-of-rs-1400-emkay-12779458.html
2024-07-26 15:51:00,Motilal Oswal,Jyothy Laboratories,,Neutral,,565,,,,,https://www.moneycontrol.com/news/business/neutral-jyothy-laboratories-target-of-rs-565-motilal-oswal-12779454.html
2024-07-26 15:52:00,Emkay,Federal Bank,FEDERALBNK,Buy,191.47,250,186.24,Not reached yet.,43.348623853211,6.788990825688075,https://www.moneycontrol.com/news/business/buy-federal-bank-target-of-rs-250-emkay-12779459.html
2024-07-26 15:52:00,Emkay,SBI Life,0P0000NREH,Buy,,1900,,,,,https://www.moneycontrol.com/news/business/buy-sbi-life-target-of-rs-1900-emkay-12779460.html
2024-07-29 12:09:00,KR Choksey,Pitti Engineering,PITTIENG,Buy,1113.95,1379,1256.4,42,35.28228773237848,23.255015451022718,https://www.moneycontrol.com/news/business/stocks/buy-pitti-engineering-target-of-rs-1379-kr-choksey-12780797.html
2024-07-29 12:18:00,Geojit Financial Services,Larsen and Toubro,LTOD,Buy,,4179,,,,,https://www.moneycontrol.com/news/business/stocks/buy-larsen-and-toubro-target-of-rs-4179-geojit-financial-services-12780999.html
2024-07-29 12:31:00,Sharekhan,Intellect Design Arena,INTELLECT,Hold,991.6,1050,763.7,Call type not supported.,1.6407724698707753,-26.073278156913986,https://www.moneycontrol.com/news/business/stocks/hold-intellect-design-arena-target-of-rs-1050-sharekhan-12781053.html
2024-07-29 12:37:00,Sharekhan,City Union Bank,CUB,Hold,156.91,180,171.0,Call type not supported.,8.264164561530139,2.8509563334536323,https://www.moneycontrol.com/news/business/stocks/hold-city-union-bank-target-of-rs-180-sharekhan-12781065.html
2024-07-29 15:01:00,Geojit Financial Services,Havells India,HAVELLS,Sell,1762.15,1644,1694.95,Not reached yet.,9.585876918000327,6.783809052411588,https://www.moneycontrol.com/news/business/stocks/sell-havells-india-target-of-rs-1644-geojit-financial-services-12781249.html
2024-07-30 10:11:00,Sharekhan,Amber Enterprises India,AMBER,Buy,4311.95,5010,6171.2,72,25.329897809853787,54.378416240353225,https://www.moneycontrol.com/news/business/earnings/buy-amber-enterprises-india-target-of-rs-5010-sharekhan-12781844.html
2024-07-30 10:19:00,Sharekhan,Transport Corporation of India,TCI,Buy,964.2,1200,1038.2,Not reached yet.,31.104555883316955,13.427291598383054,https://www.moneycontrol.com/news/business/earnings/buy-transport-corporation-of-india-target-of-rs-1200-sharekhan-12781845.html
2024-07-30 12:06:00,Motilal Oswal,United Breweries,UBL,Sell,2019.9,1800,1983.6,Not reached yet.,12.913058203106104,4.030190139822932,https://www.moneycontrol.com/news/business/sell-united-breweries-target-of-rs-1800-motilal-oswal-12782095.html
2024-07-30 12:46:00,Motilal Oswal,AAVAS Financiers,AAVAS,Neutral,1759.25,1800,1673.95,Call type not supported.,-5.990494594453442,-12.573771347991853,https://www.moneycontrol.com/news/business/neutral-aavas-financiers-target-of-rs-1800-motilal-oswal-12782084.html
2024-07-30 12:47:00,Motilal Oswal,Mphasis,MPHASIS,Neutral,2869.85,2800,3041.05,Call type not supported.,15.238193229756147,25.158966971910697,https://www.moneycontrol.com/news/business/neutral-mphasis-target-of-rs-2800-motilal-oswal-12782089.html
2024-07-30 12:47:00,Motilal Oswal,Bandhan Bank,0P000125VF,Neutral,,220,,,,,https://www.moneycontrol.com/news/business/neutral-bandhan-bank-target-of-rs-220-motilal-oswal-12782085.html
2024-07-30 12:47:00,Motilal Oswal,SBI Cards,SBICARD,Neutral,743.6,770,691.45,Call type not supported.,6.15564899703591,-4.673605845453915,https://www.moneycontrol.com/news/business/neutral-sbi-cards-target-of-rs-770-motilal-oswal-12782091.html
2024-07-30 12:47:00,Motilal Oswal,InterGlobe Aviation,INDIGO,Neutral,4375.8,4420,4366.1,Call type not supported.,2.548635198310972,1.2980986740600844,https://www.moneycontrol.com/news/business/neutral-interglobe-aviation-target-of-rs-4420-motilal-oswal-12782088.html
2024-07-30 12:47:00,Motilal Oswal,Punjab National Bank,PNB,Neutral,116.55,135,95.72,Call type not supported.,7.313195548489669,-23.910969793322735,https://www.moneycontrol.com/news/business/neutral-punjab-national-bank-target-of-rs-135-motilal-oswal-12782090.html
2024-07-30 12:47:00,Motilal Oswal,IDFC First Bank,IDFCFIRSTB,Neutral,75.66,83,65.5,Call type not supported.,-0.5630765544506995,-21.52869294357254,https://www.moneycontrol.com/news/business/neutral-idfc-first-bank-target-of-rs-83-motilal-oswal-12782087.html
2024-07-30 12:47:00,Motilal Oswal,DLF,DLF,Neutral,819.4,850,777.0,Call type not supported.,-0.7125335825254085,-9.239574816026169,https://www.moneycontrol.com/news/business/neutral-dlf-target-of-rs-850-motilal-oswal-3-12782086.html
2024-07-30 12:48:00,Motilal Oswal,Westlife Foodworld,WESTLIFE,Neutral,857.25,775,5431.15,Call type not supported.,-6.5207252086413785,7.791924263925126,https://www.moneycontrol.com/news/business/neutral-westlife-foodworld-target-of-rs-775-motilal-oswal-2-12782094.html
2024-07-30 12:48:00,Motilal Oswal,Tech Mahindra,TECHM,Neutral,1533.3,1470,1716.45,Call type not supported.,5.015002143163312,22.621088726961002,https://www.moneycontrol.com/news/business/neutral-tech-mahindra-target-of-rs-1470-motilal-oswal-12782092.html
2024-07-30 12:48:00,Motilal Oswal,Thermax,THERMAX,Neutral,4940.05,4710,775.55,Call type not supported.,-5.499329350079261,-5.4322643580051295,https://www.moneycontrol.com/news/business/neutral-thermax-target-of-rs-4710-motilal-oswal-12782093.html
2024-07-30 22:18:00,Motilal Oswal,Cipla,CIPLA,Buy,1500.05,1830,1488.9,Not reached yet.,18.711686289773283,-3.415393597353304,https://www.moneycontrol.com/news/business/buy-cipla-target-of-rs-1830-motilal-oswal-12782624.html
2024-07-30 22:18:00,Motilal Oswal,Ashok Leyland,ASHOKLEY,Buy,232.43,285,214.0,Not reached yet.,20.94207511139401,-9.187354126883092,https://www.moneycontrol.com/news/business/buy-ashok-leyland-target-of-rs-285-motilal-oswal-12782622.html
2024-07-30 22:18:00,Motilal Oswal,Home First Finance,HOMEFIRST,Buy,1030.1,1215,1102.0,61,15.708775772582262,4.947383457930579,https://www.moneycontrol.com/news/business/buy-home-first-finance-target-of-rs-1215-motilal-oswal-12782630.html
2024-07-30 22:18:00,Motilal Oswal,ICICI Bank,IBN,Buy,,1400,,,,,https://www.moneycontrol.com/news/business/buy-icici-bank-target-of-rs-1400-motilal-oswal-12782631.html
2024-07-30 22:18:00,Motilal Oswal,Atul,ATUL,Buy,7300.0,9100,7404.55,Not reached yet.,40.28272364303443,14.146202346267101,https://www.moneycontrol.com/news/business/buy-atul-target-of-rs-9100-motilal-oswal-12782623.html
2024-07-30 22:18:00,Motilal Oswal,IndusInd Bank,INDUSINDBK,Buy,1379.1,1700,1041.6,Not reached yet.,11.31846904364338,-31.79451920243592,https://www.moneycontrol.com/news/business/buy-indusind-bank-target-of-rs-1700-motilal-oswal-3-12782632.html
2024-07-30 22:18:00,Motilal Oswal,Equitas Small Finance,EQUITASBNK,Buy,88.62,110,69.64,Not reached yet.,5.22288119380141,-33.38435048785154,https://www.moneycontrol.com/news/business/buy-equitas-small-finance-target-of-rs-110-motilal-oswal-2-12782627.html
2024-07-30 22:18:00,Motilal Oswal,Cyient,CYIENTDLM,Buy,771.35,2070,613.9,Not reached yet.,182.63244128891316,-16.1796832332059,https://www.moneycontrol.com/news/business/buy-cyient-target-of-rs-2070-motilal-oswal-12782626.html
2024-07-30 22:18:00,Motilal Oswal,Kaynes Technologies,,Buy,,5000,,,,,https://www.moneycontrol.com/news/business/buy-kaynes-technologies-target-of-rs-5000-motilal-oswal-12782633.html
2024-07-30 22:18:00,Motilal Oswal,Craftsman Automation,CRAFTSMAN,Buy,5207.55,5965,5231.0,44,23.1267803327416,7.975890682409273,https://www.moneycontrol.com/news/business/buy-craftsman-automation-target-of-rs-5965-motilal-oswal-12782628.html
2024-07-30 22:18:00,Motilal Oswal,AU Small Finance Bank,AUBANK,Buy,631.65,735,604.5,62,10.09586578789694,-9.451767525464353,https://www.moneycontrol.com/news/business/buy-au-small-finance-bank-target-of-rs-735-motilal-oswal-2-12782625.html
2024-07-30 22:19:00,Motilal Oswal,Mankind Pharma,MANKIND,Buy,2144.4,2650,1497.25,Not reached yet.,47.90413123130189,0.6588456754848873,https://www.moneycontrol.com/news/business/buy-mankind-pharma-target-of-rs-2650-motilal-oswal-2-12782634.html
2024-07-30 22:19:00,Motilal Oswal,Mahanagar Gas,MGL,Buy,1752.45,2200,2455.9,64,22.325570660327283,13.365799616867088,https://www.moneycontrol.com/news/business/buy-mahanagar-gas-target-of-rs-2200-motilal-oswal-12782635.html
2024-07-30 22:20:00,Motilal Oswal,Maruti Suzuki,MARUTI,Buy,12509.2,14440,11502.85,Not reached yet.,18.346104987091753,-5.725935335819363,https://www.moneycontrol.com/news/business/buy-maruti-suzuki-target-of-rs-14440-motilal-oswal-12782636.html
2024-07-31 10:50:00,Prabhudas Lilladher,InterGlobe Aviation,INDIGO,Accumulate,4432.2,4958,4366.1,56,14.884200525992618,1.1690011933312647,https://www.moneycontrol.com/news/business/stocks/accumulate-interglobe-aviation-target-of-rs-4958-prabhudas-lilladher-12781295.html
2024-07-31 10:51:00,Prabhudas Lilladher,Ashok Leyland,ASHOKLEY,Accumulate,232.43,261,214.0,41,8.614232209737823,-10.94465251768623,https://www.moneycontrol.com/news/business/stocks/accumulate-ashok-leyland-target-of-rs-261-prabhudas-lilladher-12781299.html
2024-07-31 10:52:00,Prabhudas Lilladher,Chalet Hotels,CHALET,Accumulate,828.1,887,844.65,51,5.325654574600727,0.2968592293534406,https://www.moneycontrol.com/news/business/stocks/accumulate-chalet-hotels-target-of-rs-887-prabhudas-lilladher-12781302.html
2024-07-31 10:54:00,Prabhudas Lilladher,Cipla,CIPLA,Accumulate,1500.05,1680,1488.9,74,11.672427545865455,-1.0303110874767347,https://www.moneycontrol.com/news/business/stocks/accumulate-cipla-target-of-rs-1680-prabhudas-lilladher-12781307.html
2024-07-31 10:54:00,Prabhudas Lilladher,Dr. Reddy's Laboratories,RDY,Reduce,,6000,,,,,https://www.moneycontrol.com/news/business/stocks/reduce-dr-reddys-laboratories-target-of-rs-6000-prabhudas-lilladher-12781315.html
2024-07-31 10:55:00,Prabhudas Lilladher,Indraprastha Gas,IGL,Sell,535.0,374,413.55,Not reached yet.,21.188494363080814,12.85428300495206,https://www.moneycontrol.com/news/business/stocks/sell-indraprastha-gas-target-of-rs-374-prabhudas-lilladher-12781317.html
2024-07-31 10:56:00,Prabhudas Lilladher,Mahanagar Gas,MGL,Sell,1752.45,1492,1497.25,0,-0.322754168908012,-0.6757665411511534,https://www.moneycontrol.com/news/business/stocks/sell-mahanagar-gas-target-of-rs-1492-prabhudas-lilladher-12781320.html
2024-07-31 10:58:00,Prabhudas Lilladher,ICICI Bank,IBN,Buy,,1520,,,,,https://www.moneycontrol.com/news/business/earnings/buy-icici-bank-target-of-rs-1520-prabhudas-lilladher-12781328.html
2024-07-31 10:58:00,Prabhudas Lilladher,Praj Industries,PRAJIND,Buy,709.85,804,710.85,78,17.98371120405018,4.3143297380585475,https://www.moneycontrol.com/news/business/stocks/buy-praj-industries-target-of-rs-804-prabhudas-lilladher-12781324.html
2024-07-31 10:59:00,Prabhudas Lilladher,IndusInd Bank,INDUSINDBK,Buy,1379.1,1750,1041.6,Not reached yet.,17.418142780461615,-30.112721417069256,https://www.moneycontrol.com/news/business/stocks/buy-indusind-bank-target-of-rs-1750-prabhudas-lilladher-12781332.html
2024-07-31 12:10:00,Motilal Oswal,Indian Bank,SOUTHBANK,Buy,26.74,670,272.35,Not reached yet.,16.222760290556902,-12.074253430185626,https://www.moneycontrol.com/news/business/buy-indian-bank-target-of-rs-670-motilal-oswal-12783098.html
2024-07-31 12:10:00,Motilal Oswal,Colgate,CL,Neutral,,3150,6487.55,42,26.68477693031031,69.45852053077004,https://www.moneycontrol.com/news/business/neutral-colgate-target-of-rs-3150-motilal-oswal-12783101.html
2024-07-31 12:10:00,Motilal Oswal,Cholamandalam Investment and Finance Company,CHOLAFIN,Buy,1363.65,1675,,,,,https://www.moneycontrol.com/news/business/buy-cholamandalam-investment-and-finance-company-target-of-rs-1675-motilal-oswal-12783097.html
2024-07-31 12:10:00,Motilal Oswal,MCX,MCX,Buy,4183.8,4850,22.51,Not reached yet.,2330.1777294160315,-18.35328255350018,https://www.moneycontrol.com/news/business/buy-mcx-target-of-rs-4850-motilal-oswal-12783100.html
2024-07-31 12:10:00,Motilal Oswal,Bharat Electronics,BEL,Buy,301.45,360,1372.2,Not reached yet.,16.745077539641052,-4.359644537375846,https://www.moneycontrol.com/news/business/buy-bharat-electronics-target-of-rs-360-motilal-oswal-12783096.html
2024-07-31 12:12:00,Motilal Oswal,Zen Technologies,ZENSARTECH,Buy,773.6,1820,686.05,Not reached yet.,141.53948241539482,-8.9515593895156,https://www.moneycontrol.com/news/business/buy-zen-technologies-target-of-rs-1820-motilal-oswal-12783099.html
2024-07-31 12:13:00,Sharekhan,The Ramco Cements,RAMCOCEM,Buy,800.85,1010,853.05,Not reached yet.,18.10102899906454,-0.25140318054257377,https://www.moneycontrol.com/news/business/stocks/buy-the-ramco-cements-target-of-rs-1010-sharekhan-3-12781171.html
2024-07-31 12:27:00,Sharekhan,V-Guard Industries,VGUARD,Buy,460.2,528,411.1,Not reached yet.,25.72925348255745,-2.1073937373496765,https://www.moneycontrol.com/news/business/stocks/buy-v-guard-industries-target-of-rs-528-sharekhan-12781124.html
2024-07-31 12:28:00,Sharekhan,Ashok Leyland,ASHOKLEY,Buy,232.43,285,214.0,Not reached yet.,18.601747815230958,-10.94465251768623,https://www.moneycontrol.com/news/business/stocks/buy-ashok-leyland-target-of-rs-285-sharekhan-12781118.html
2024-07-31 12:29:00,Sharekhan,IndusInd Bank,INDUSINDBK,Buy,1379.1,1750,1041.6,Not reached yet.,17.418142780461615,-30.112721417069256,https://www.moneycontrol.com/news/business/stocks/buy-indusind-bank-target-of-rs-1750-sharekhan-12781109.html
2024-07-31 12:30:00,Sharekhan,Punjab National Bank,PNB,Buy,117.72,140,95.72,Not reached yet.,11.937315103542021,-23.46685855920684,https://www.moneycontrol.com/news/business/stocks/buy-punjab-national-bank-target-of-rs-140-sharekhan-3-12781100.html
2024-07-31 12:31:00,Sharekhan,ICICI Bank,IBN,Buy,,1450,,,,,https://www.moneycontrol.com/news/business/stocks/buy-icici-bank-target-of-rs-1450-sharekhan-12781087.html
2024-07-31 13:08:00,KR Choksey,Tatva Chintan Pharma Chem,TATVA,Hold,991.3,1021,914.95,Call type not supported.,-9.952815628169503,-19.305904661110365,https://www.moneycontrol.com/news/business/stocks/hold-tatva-chintan-pharma-chem-target-of-rs-1021-kr-choksey-12783229.html
2024-07-31 13:09:00,Sharekhan,Amber Enterprises India,AMBER,Buy,4384.55,5010,398.9,Not reached yet.,26.809097174362506,9.965541006202612,https://www.moneycontrol.com/news/business/buy-amber-enterprises-india-target-of-rs-5010-sharekhan-2-12783204.html
2024-07-31 13:09:00,Sharekhan,Transport Corporation of India,TCI,Buy,961.05,1200,973.05,Not reached yet.,19.333908072054083,-11.697445437633295,https://www.moneycontrol.com/news/business/buy-transport-corporation-of-india-target-of-rs-1200-sharekhan-2-12783207.html
2024-07-31 13:09:00,Sharekhan,NTPC,NTPC,Buy,392.15,460,6171.2,70,21.930443671055524,50.19104869916523,https://www.moneycontrol.com/news/business/buy-ntpc-target-of-rs-460-sharekhan-12783209.html
2024-07-31 13:09:00,Sharekhan,Tata Consumer Products,TATACONSUM,Buy,1223.6,1315,1038.2,Not reached yet.,30.92575418689652,13.272598330696644,https://www.moneycontrol.com/news/business/buy-tata-consumer-products-target-of-rs-1315-sharekhan-3-12783214.html
2024-07-31 13:11:00,KR Choksey,The Ramco Cements,RAMCOCEM,Accumulate,800.85,866,853.05,68,1.2628624883068236,-0.25140318054257377,https://www.moneycontrol.com/news/business/stocks/accumulate-the-ramco-cements-target-of-rs-866-kr-choksey-12783225.html
2024-07-31 13:11:00,Sharekhan,Wonderla Holidays,WONDERLA,Buy,908.3,1010,860.3,Not reached yet.,10.855010426956424,-5.575677752167716,https://www.moneycontrol.com/news/business/buy-wonderla-holidays-target-of-rs-1010-sharekhan-12783217.html
2024-07-31 13:12:00,ICICI Securities,Transport Corporation of India,TCI,Buy,961.05,1200,1038.2,Not reached yet.,30.92575418689652,13.272598330696644,https://www.moneycontrol.com/news/business/earnings/buy-transport-corporation-of-india-target-of-rs-1200-icici-securities-12783235.html
2024-07-31 13:15:00,KR Choksey,Ashok Leyland,ASHOKLEY,Accumulate,232.43,282,214.0,Not reached yet.,17.353308364544315,-10.94465251768623,https://www.moneycontrol.com/news/business/stocks/accumulate-ashok-leyland-target-of-rs-282-kr-choksey-12783221.html
2024-07-31 13:18:00,KR Choksey,Axis Bank,AXISBANK,Buy,1175.9,1345,1189.35,Not reached yet.,9.518768829899853,-3.155280514616074,https://www.moneycontrol.com/news/business/stocks/buy-axis-bank-target-of-rs-1345-kr-choksey-2-12783196.html
2024-07-31 13:21:00,ICICI Securities,Tatva Chintan Pharma Chem,TATVA,Buy,991.3,1850,914.95,Not reached yet.,63.160911937205114,-19.305904661110365,https://www.moneycontrol.com/news/business/earnings/buy-tatva-chintan-pharma-chem-target-of-rs-1850-icici-securities-12783236.html
2024-07-31 13:22:00,ICICI Securities,Jyothy Labs,JYOTHYLAB,Buy,547.7,640,487.0,Not reached yet.,49.166763780445166,13.506584314182494,https://www.moneycontrol.com/news/business/earnings/buy-jyothy-labs-target-of-rs-640-icici-securities-12783237.html
2024-07-31 13:24:00,KR Choksey,SBI Life Insurance Company,SBILIFE,Buy,1695.4,1985,1616.75,Not reached yet.,36.63741180519704,11.288934778867665,https://www.moneycontrol.com/news/business/stocks/buy-sbi-life-insurance-company-target-of-rs-1985-kr-choksey-12783191.html
2024-07-31 13:33:00,ICICI Securities,Federal Bank,FEDERALBNK,Buy,204.67,235,186.24,Not reached yet.,33.64422202001819,5.914467697907192,https://www.moneycontrol.com/news/business/earnings/buy-federal-bank-target-of-rs-235-icici-securities-12783238.html
2024-07-31 13:38:00,ICICI Securities,Go Fashion India,GOCOLORS,Buy,1125.5,1300,1199.9,60,23.833111068775008,14.297961516479344,https://www.moneycontrol.com/news/business/earnings/buy-go-fashion-india-target-of-rs-1300-icici-securities-12783239.html
2024-07-31 13:44:00,ICICI Securities,Jindal Steel and Power,,Buy,,1240,,,,,https://www.moneycontrol.com/news/business/earnings/buy-jindal-steel-and-power-target-of-rs-1240-icici-securities-12783240.html
2024-07-31 14:12:00,Emkay Global Financial,Navin Fluorine,NAVINFLUOR,Reduce,3514.25,3400,3301.75,35,7.046681703232862,9.732759209896795,https://www.moneycontrol.com/news/business/stocks/reduce-navin-fluorine-target-of-rs-3400-emkay-global-financial-12783329.html
2024-07-31 14:39:00,Emkay Global Financial,Kalpataru Projects,KPIL,Buy,1320.3,1550,1183.65,Not reached yet.,32.100396301188916,0.8778284399369483,https://www.moneycontrol.com/news/business/stocks/buy-kalpataru-projects-target-of-rs-1550-emkay-global-financial-12783338.html
2024-07-31 14:49:00,Emkay Global Financial,HPCL,,Buy,,475,,,,,https://www.moneycontrol.com/news/business/stocks/buy-hpcl-target-of-rs-475-emkay-global-financial-12783367.html
2024-07-31 14:55:00,ICICI Securities,SBI Life Insurance Company,SBILIFE,Buy,1695.4,1978,1616.75,Not reached yet.,36.15556702805025,11.288934778867665,https://www.moneycontrol.com/news/business/earnings/buy-sbi-life-insurance-company-target-of-rs-1978-icici-securities-12783241.html
2024-07-31 14:58:00,ICICI Securities,DCB Bank,DCBBANK,Buy,127.15,160,116.35,Not reached yet.,13.459083817898163,-17.493972486172186,https://www.moneycontrol.com/news/business/earnings/buy-dcb-bank-target-of-rs-160-icici-securities-2-12783243.html
2024-07-31 15:04:00,ICICI Securities,Axis Bank,AXISBANK,Buy,1175.9,1430,1189.35,Not reached yet.,16.440029313573824,-3.155280514616074,https://www.moneycontrol.com/news/business/earnings/buy-axis-bank-target-of-rs-1430-icici-securities-12783242.html
2024-07-31 15:05:00,ICICI Securities,Ujjivan Small Finance Bank,UJJIVANSFB,Buy,43.9,60,35.77,Not reached yet.,30.91861226271002,-21.95068732271437,https://www.moneycontrol.com/news/business/earnings/buy-ujjivan-small-finance-bank-target-of-rs-60-icici-securities-12783244.html
2024-07-31 15:16:00,ICICI Securities,Aavas Financiers,AAVAS,Buy,1746.95,2050,1673.95,Not reached yet.,9.077365116526545,-10.931680323507505,https://www.moneycontrol.com/news/business/earnings/buy-aavas-financiers-target-of-rs-2050-icici-securities-12783245.html
2024-08-01 13:55:00,Prabhudas Lilladher,Crompton Greaves Consumer Electricals,CROMPTON,Accumulate,442.6,476,391.95,46,10.671936758893274,-8.870030225528955,https://www.moneycontrol.com/news/business/stocks/accumulate-crompton-greaves-consumer-electricals-target-of-rs-476-prabhudas-lilladher-12784410.html
2024-08-01 14:10:00,Prabhudas Lilladher,Indian Oil Corporation,IOC,Sell,176.55,151,146.31,85,8.134087728904303,10.987406461033036,https://www.moneycontrol.com/news/business/stocks/sell-indian-oil-corporation-target-of-rs-151-prabhudas-lilladher-12784278.html
2024-08-01 14:11:00,Prabhudas Lilladher,Hindustan Petroleum Corporation,HINDPETRO,Sell,376.55,340,372.4,0,-1.5986851934857382,-11.280442253100254,https://www.moneycontrol.com/news/business/stocks/sell-hindustan-petroleum-corporation-target-of-rs-340-prabhudas-lilladher-12784285.html
2024-08-01 14:12:00,Prabhudas Lilladher,Laxmi Organic Industries,LXCHEM,Sell,271.7,206,244.65,Not reached yet.,19.838119698030983,4.798038757879995,https://www.moneycontrol.com/news/business/stocks/sell-laxmi-organic-industries-target-of-rs-206-prabhudas-lilladher-2-12784291.html
2024-08-01 14:31:00,Prabhudas Lilladher,Maruti Suzuki,MARUTI,Buy,12663.7,15145,11502.85,Not reached yet.,24.99381014476008,-5.065364871333542,https://www.moneycontrol.com/news/business/stocks/buy-maruti-suzuki-target-of-rs-15145-prabhudas-lilladher-12784308.html
2024-08-01 14:32:00,Motilal Oswal,Granules India,GRANULES,Buy,563.1,680,413.55,Not reached yet.,36.72328304673489,-12.743960333368495,https://www.moneycontrol.com/news/business/buy-granules-india-target-of-rs-680-motilal-oswal-12784398.html
2024-08-01 14:32:00,Sharekhan,Bank of Baroda,BANKBARODA,Buy,249.7,310,,,,,https://www.moneycontrol.com/news/business/buy-bank-of-baroda-target-of-rs-310-sharekhan-12784395.html
2024-08-01 14:32:00,Motilal Oswal,Ajanta Pharma,AJANTPHARM,Buy,2401.65,2935,11502.85,Not reached yet.,21.42020038624696,-5.065364871333542,https://www.moneycontrol.com/news/business/buy-ajanta-pharma-target-of-rs-2935-motilal-oswal-12784397.html
2024-08-01 14:32:00,Sharekhan,Maruti Suzuki India,MARUTI,Buy,12663.7,14712,2969.3,30,25.892723100349585,27.363973663328128,https://www.moneycontrol.com/news/business/buy-maruti-suzuki-india-target-of-rs-14712-sharekhan-12784393.html
2024-08-01 14:32:00,Sharekhan,Mahindra and Mahindra,,Buy,,3431,539.6,33,39.40139401394014,10.619106191061913,https://www.moneycontrol.com/news/business/buy-mahindra-and-mahindra-target-of-rs-3431-sharekhan-12784394.html
2024-08-01 14:32:00,Sharekhan,Indraprastha Gas,IGL,Buy,540.5,648,239.52,Not reached yet.,10.457865668982727,-14.655264564404053,https://www.moneycontrol.com/news/business/buy-indraprastha-gas-target-of-rs-648-sharekhan-12784396.html
2024-08-01 14:33:00,Geojit,CreditAccess Grameen,CREDITACC,Buy,1311.95,1565,981.5,Not reached yet.,15.149731439923485,-27.783091751894634,https://www.moneycontrol.com/news/business/buy-creditaccess-grameen-target-of-rs-1565-geojit-12784405.html
2024-08-01 14:33:00,Geojit,Sagar Cements,SAGCEM,Buy,238.3,299,201.63,Not reached yet.,22.676732449842042,-17.273212160997826,https://www.moneycontrol.com/news/business/buy-sagar-cements-target-of-rs-299-geojit-12784406.html
2024-08-01 14:33:00,Prabhudas Lilladher,Bank of Baroda,BANKBARODA,Buy,249.7,300,239.52,Not reached yet.,6.894708711918769,-14.655264564404053,https://www.moneycontrol.com/news/business/stocks/buy-bank-of-baroda-target-of-rs-300-prabhudas-lilladher-12784306.html
2024-08-01 14:33:00,Geojit,Axis Bank,AXISBANK,Buy,1177.35,1349,1189.35,Not reached yet.,6.099335404459472,-6.4571945416650385,https://www.moneycontrol.com/news/business/buy-axis-bank-target-of-rs-1349-geojit-12784402.html
2024-08-01 14:33:00,Motilal Oswal,Tata Consumer Products,TATACONSUM,Buy,1213.65,1380,973.05,Not reached yet.,26.07345148912846,-11.104513064133013,https://www.moneycontrol.com/news/business/buy-tata-consumer-products-target-of-rs-1380-motilal-oswal-12784403.html
2024-08-01 14:33:00,Motilal Oswal,Sapphire Foods,SAPPHIRE,Buy,1555.8,1850,323.85,Not reached yet.,487.2456591435737,2.799733358727756,https://www.moneycontrol.com/news/business/buy-sapphire-foods-target-of-rs-1850-motilal-oswal-12784400.html
2024-08-01 14:33:00,Motilal Oswal,Varun Beverages,VBL,Buy,1676.65,1850,611.2,Not reached yet.,191.0910406898071,-3.8298140164269627,https://www.moneycontrol.com/news/business/buy-varun-beverages-target-of-rs-1850-motilal-oswal-12784404.html
2024-08-01 14:33:00,Motilal Oswal,IndiaMART,INDIAMART,Buy,3032.95,3800,2438.75,Not reached yet.,40.64697609001405,-9.736101858020586,https://www.moneycontrol.com/news/business/buy-indiamart-target-of-rs-3800-motilal-oswal-12784399.html
2024-08-01 14:34:00,Geojit,Tanla Platforms,TANLA,Buy,960.95,1198,729.1,Not reached yet.,26.3913066413462,-23.07854618346785,https://www.moneycontrol.com/news/business/buy-tanla-platforms-target-of-rs-1198-geojit-12784407.html
2024-08-01 14:35:00,Prabhudas Lilladher,R R Kabel,RRKABEL,Buy,1756.3,2066,1505.25,Not reached yet.,17.286403633267103,-14.547260857223957,https://www.moneycontrol.com/news/business/stocks/buy-r-r-kabel-target-of-rs-2066-prabhudas-lilladher-12784304.html
2024-08-01 14:38:00,Prabhudas Lilladher,ACC,ACN,Buy,,3707,,,,,https://www.moneycontrol.com/news/business/stocks/buy-acc-target-of-rs-3707-prabhudas-lilladher-12784297.html
2024-08-01 15:06:00,Prabhudas Lilladher,KEC International,KEC,Hold,880.05,880,895.05,Call type not supported.,2.6538349372995045,4.409448818897632,https://www.moneycontrol.com/news/business/stocks/hold-kec-international-target-of-rs-880-prabhudas-lilladher-12784145.html
2024-08-01 15:07:00,Prabhudas Lilladher,Exide Industries,EXIDEIND,Hold,553.75,559,449.9,Call type not supported.,-3.562494608815661,-22.38419736047615,https://www.moneycontrol.com/news/business/stocks/hold-exide-industries-target-of-rs-559-prabhudas-lilladher-12784160.html
2024-08-01 15:07:00,Prabhudas Lilladher,Zee Entertainment Enterprises,ZEEL,Hold,142.62,157,119.56,Call type not supported.,5.560411483897002,-19.612721038122764,https://www.moneycontrol.com/news/business/stocks/hold-zee-entertainment-enterprises-target-of-rs-157-prabhudas-lilladher-12784167.html
2024-08-01 15:16:00,Prabhudas Lilladher,Kansai Nerolac Paints,KANSAINER,Reduce,281.7,284,279.15,0,-3.3290885937784163,-1.5644897216663467,https://www.moneycontrol.com/news/business/stocks/reduce-kansai-nerolac-paints-target-of-rs-284-prabhudas-lilladher-12784111.html
2024-08-01 15:17:00,Prabhudas Lilladher,Colgate Palmolive,CL,Reduce,,2743,,,,,https://www.moneycontrol.com/news/business/stocks/reduce-colgate-palmolive-target-of-rs-2743-prabhudas-lilladher-12784125.html
2024-08-01 15:25:00,Prabhudas Lilladher,GAIL (India),GQI,Reduce,,211,,,,,https://www.moneycontrol.com/news/business/stocks/reduce-gail-india-target-of-rs-211-prabhudas-lilladher-12784081.html
2024-08-01 15:31:00,Prabhudas Lilladher,Fine Organic Industries,FINEORG,Accumulate,5366.15,6172,4624.65,Not reached yet.,28.89079157573795,-3.422748013490525,https://www.moneycontrol.com/news/business/stocks/accumulate-fine-organic-industries-target-of-rs-6172-prabhudas-lilladher-12784179.html
2024-08-01 15:35:00,Prabhudas Lilladher,City Union Bank,CUB,Accumulate,169.22,185,171.0,Not reached yet.,9.96849551209654,1.6465553111811273,https://www.moneycontrol.com/news/business/stocks/accumulate-city-union-bank-target-of-rs-185-prabhudas-lilladher-12784270.html
2024-08-01 18:56:00,ICICI Securities,ZF Commercial Vehicle Control Systems,ZFCVINDIA,Reduce,15846.0,13963,13887.35,83,10.91503017774885,11.397682757212667,https://www.moneycontrol.com/news/business/earnings/reduce-zf-commercial-vehicle-control-systems-target-of-rs-13963-icici-securities-12784260.html
2024-08-01 18:57:00,ICICI Securities,Petronet LNG,PETRONET,Sell,370.85,270,337.55,Not reached yet.,15.14770584538026,-6.081081081081089,https://www.moneycontrol.com/news/business/earnings/sell-petronet-lng-target-of-rs-270-icici-securities-12784254.html
2024-08-01 18:57:00,ICICI Securities,AU Small Finance Bank,AUBANK,Hold,650.05,630,604.5,Call type not supported.,-7.651715039577843,-11.389621811785407,https://www.moneycontrol.com/news/business/earnings/hold-au-small-finance-bank-target-of-rs-630-icici-securities-2-12784253.html
2024-08-01 18:57:00,ICICI Securities,Ramco Cements,RAMCOCEM,Hold,818.45,836,853.05,Call type not supported.,-1.7914831130690163,0.21145374449338672,https://www.moneycontrol.com/news/business/earnings/hold-ramco-cements-target-of-rs-836-icici-securities-12784252.html
2024-08-01 18:57:00,ICICI Securities,Indraprastha Gas,IGL,Reduce,544.15,5120,413.55,0,-980.2827302458066,12.743960333368495,https://www.moneycontrol.com/news/business/earnings/reduce-indraprastha-gas-target-of-rs-5120-icici-securities-12784259.html
2024-08-01 18:58:00,ICICI Securities,Poly Medicure,POLYMED,Hold,1966.4,1940,775.55,Call type not supported.,-9.075410581349095,-11.85429334545662,https://www.moneycontrol.com/news/business/earnings/hold-poly-medicure-target-of-rs-1940-icici-securities-12784250.html
2024-08-01 18:58:00,ICICI Securities,Craftsman Automation,CRAFTSMAN,Hold,5352.25,5012,,,,,https://www.moneycontrol.com/news/business/earnings/hold-craftsman-automation-target-of-rs-5012-icici-securities-12784247.html
2024-08-01 18:58:00,ICICI Securities,Nestle,NSRGY,Hold,,2500,5231.0,Call type not supported.,-8.268970313701091,-4.260770892053153,https://www.moneycontrol.com/news/business/earnings/hold-nestle-target-of-rs-2500-icici-securities-12784249.html
2024-08-01 18:58:00,ICICI Securities,Westlife Foodworld,WESTLIFE,Hold,837.65,800,2514.1,Call type not supported.,-2.6837220968146474,26.114873338349632,https://www.moneycontrol.com/news/business/earnings/hold-westlife-foodworld-target-of-rs-800-icici-securities-12784251.html
2024-08-02 09:39:00,Mehta Equities,Alicon Castalloy,ALICON,Accumulate,1254.55,1765,1193.75,Not reached yet.,38.0146225124135,-6.6544160769441225,https://www.moneycontrol.com/news/business/stocks/accumulate-alicon-castalloy-target-of-rs-1765-mehta-equities-12785130.html
2024-08-02 10:14:00,Prabhudas Lilladher,Voltamp Transformers,VOLTAMP,Accumulate,14173.8,14922,12220.45,Not reached yet.,35.72734466668485,11.154619295804116,https://www.moneycontrol.com/news/business/stocks/accumulate-voltamp-transformers-target-of-rs-14922-prabhudas-lilladher-12784242.html
2024-08-02 10:15:00,Prabhudas Lilladher,Apar Industries,APARINDS,Accumulate,8653.8,10399,9449.75,56,22.208185210212417,11.052677968093546,https://www.moneycontrol.com/news/business/stocks/accumulate-apar-industries-target-of-rs-10399-prabhudas-lilladher-12784232.html
2024-08-02 10:15:00,Prabhudas Lilladher,Avenue Supermarts,DMART,Accumulate,5112.85,5104,4052.2,20,6.703460963550642,-15.285312594729644,https://www.moneycontrol.com/news/business/stocks/accumulate-avenue-supermarts-target-of-rs-5104-prabhudas-lilladher-2-12784235.html
2024-08-02 10:17:00,Prabhudas Lilladher,Kalpataru Projects International,KPIL,Accumulate,1355.85,1413,1183.65,Not reached yet.,19.310985392214818,-0.05488474204170089,https://www.moneycontrol.com/news/business/stocks/accumulate-kalpataru-projects-international-target-of-rs-1413-prabhudas-lilladher-12784192.html
2024-08-02 10:18:00,Prabhudas Lilladher,Navin Fluorine International,NAVINFLUOR,Accumulate,3570.8,4144,3301.75,Not reached yet.,17.166405134512353,-6.6471577816418534,https://www.moneycontrol.com/news/business/stocks/accumulate-navin-fluorine-international-target-of-rs-4144-prabhudas-lilladher-12784189.html
2024-08-02 12:14:00,Prabhudas Lilladher,BHEL,BHEL,Reduce,323.05,264,216.85,50,10.73541842772612,26.67793744716822,https://www.moneycontrol.com/news/business/stocks/reduce-bhel-target-of-rs-264-prabhudas-lilladher-2-12785419.html
2024-08-02 12:14:00,Prabhudas Lilladher,Clean Science and Technology,CLEAN,Hold,1515.6,1516,1490.15,Call type not supported.,5.906598204617692,4.100737014914949,https://www.moneycontrol.com/news/business/stocks/hold-clean-science-and-technology-target-of-rs-1516-prabhudas-lilladher-12785415.html
2024-08-02 12:15:00,Prabhudas Lilladher,Emami,EMAMILTD,Hold,798.5,831,645.5,Call type not supported.,17.897424984039155,-8.420231254876926,https://www.moneycontrol.com/news/business/stocks/hold-emami-target-of-rs-831-prabhudas-lilladher-12785412.html
2024-08-02 12:15:00,Prabhudas Lilladher,Dabur India,DABUR,Hold,641.1,621,538.7,Call type not supported.,3.1904287138584326,-10.485211033565953,https://www.moneycontrol.com/news/business/stocks/hold-dabur-india-target-of-rs-621-prabhudas-lilladher-12785409.html
2024-08-02 12:33:00,Prabhudas Lilladher,Tata Steel,TATASTEEL,Accumulate,162.87,175,663.95,Not reached yet.,2.803738317757004,-18.353418593212,https://www.moneycontrol.com/news/business/stocks/accumulate-tata-steel-target-of-rs-175-prabhudas-lilladher-12785377.html
2024-08-02 12:33:00,Prabhudas Lilladher,Jindal Stainless,JSL,Accumulate,739.45,836,145.86,5,1.4140009272137215,-15.472878998609172,https://www.moneycontrol.com/news/business/stocks/accumulate-jindal-stainless-target-of-rs-836-prabhudas-lilladher-2-12785388.html
2024-08-02 12:34:00,Prabhudas Lilladher,Ambuja Cement,AMBUJACEM,Accumulate,679.85,701,552.7,Not reached yet.,6.6889886614412974,-15.881591964081867,https://www.moneycontrol.com/news/business/stocks/accumulate-ambuja-cement-target-of-rs-701-prabhudas-lilladher-12785333.html
2024-08-02 12:34:00,Prabhudas Lilladher,ITC,ITCI,Accumulate,,519,,,,,https://www.moneycontrol.com/news/business/stocks/accumulate-itc-target-of-rs-519-prabhudas-lilladher-12785347.html
2024-08-02 12:52:00,Prabhudas Lilladher,Mahindra and Mahindra,,Buy,,3330,,,,,https://www.moneycontrol.com/news/business/stocks/buy-mahindra-and-mahindra-target-of-rs-3330-prabhudas-lilladher-12785323.html
2024-08-02 12:52:00,Prabhudas Lilladher,Sun Pharmaceutical Industries,SUNPHARMA,Buy,1723.25,1885,1860.4,64,23.91940308319363,22.30220556815567,https://www.moneycontrol.com/news/business/stocks/buy-sun-pharmaceutical-industries-target-of-rs-1885-prabhudas-lilladher-12785307.html
2024-08-02 12:53:00,Prabhudas Lilladher,Aster DM Healthcare,ASTERDM,Buy,342.0,400,448.75,31,13.571834185122094,27.413401476433847,https://www.moneycontrol.com/news/business/stocks/buy-aster-dm-healthcare-target-of-rs-400-prabhudas-lilladher-2-12785239.html
2024-08-02 14:03:00,KR Choksey,Bajaj Finserv,NIFTYBETF,Buy,249.97,1935,243.71,Not reached yet.,708.2031576309414,1.7918302564531037,https://www.moneycontrol.com/news/business/stocks/buy-bajaj-finserv-target-of-rs-1935-kr-choksey-12785510.html
2024-08-02 14:09:00,KR Choksey,ICICI Bank,IBN,Buy,,1430,,,,,https://www.moneycontrol.com/news/business/stocks/buy-icici-bank-target-of-rs-1430-kr-choksey-12785582.html
2024-08-04 21:53:00,ICICI Securities,Zomato,ZOMATO,Buy,234.09,300,253.8,Not reached yet.,49.58117271639409,26.545672118069408,https://www.moneycontrol.com/news/business/buy-zomato-target-of-rs-300-icici-securities-4-12786644.html
2024-08-04 21:53:00,ICICI Securities,Aditya Birla Capital,ABCAPITAL,Buy,220.09,270,145.86,Not reached yet.,14.935923222803293,-16.17723119360955,https://www.moneycontrol.com/news/business/buy-aditya-birla-capital-target-of-rs-270-icici-securities-2-12786639.html
2024-08-04 21:53:00,Motilal Oswal,JK Lakshmi Cement,JKLAKSHMI,Buy,861.4,1080,645.5,Not reached yet.,37.820977803568844,-6.354272450311904,https://www.moneycontrol.com/news/business/buy-jk-lakshmi-cement-target-of-rs-1080-motilal-oswal-12786641.html
2024-08-04 21:53:00,Motilal Oswal,Five Star Business Finance,FIVESTAR,Buy,764.4,950,1706.95,Not reached yet.,10.958469829863684,-9.809257106625799,https://www.moneycontrol.com/news/business/buy-five-star-business-finance-target-of-rs-950-motilal-oswal-12786640.html
2024-08-04 21:53:00,Motilal Oswal,Prestige Estates Projects,PRESTIGE,Buy,1755.35,2100,1318.7,Not reached yet.,25.160679250389023,-10.784114741898374,https://www.moneycontrol.com/news/business/buy-prestige-estates-projects-target-of-rs-2100-motilal-oswal-12786638.html
2024-08-04 21:53:00,Motilal Oswal,Emami,EMAMILTD,Buy,824.1,950,774.95,Not reached yet.,22.17885627015102,-12.331014197635612,https://www.moneycontrol.com/news/business/buy-emami-target-of-rs-950-motilal-oswal-12786637.html
2024-08-04 21:53:00,ICICI Securities,Tata Steel,TATASTEEL,Buy,163.06,200,202.91,Not reached yet.,13.107955259519915,-14.997277030706718,https://www.moneycontrol.com/news/business/buy-tata-steel-target-of-rs-200-icici-securities-12786643.html
2024-08-04 21:53:00,Motilal Oswal,Adani Ports and SEZ,ADANIPORTS,Buy,1590.15,1850,864.95,Not reached yet.,19.760479041916167,9.03876457611094,https://www.moneycontrol.com/news/business/buy-adani-ports-and-sez-target-of-rs-1850-motilal-oswal-12786636.html
2024-08-04 21:53:00,Motilal Oswal,Zomato,ZOMATO,Buy,234.09,300,253.8,Not reached yet.,49.58117271639409,26.545672118069408,https://www.moneycontrol.com/news/business/buy-zomato-target-of-rs-300-motilal-oswal-12786642.html
2024-08-04 21:55:00,Geojit,Torrent Pharmaceuticals,TORNTPHARM,Buy,3205.0,3590,3432.85,Not reached yet.,28.613907498298275,22.983914305162457,https://www.moneycontrol.com/news/business/buy-torrent-pharmaceuticals-target-of-rs-3590-geojit-12786645.html
2024-08-05 12:08:00,Motilal Oswal,Dabur,DABUR,Buy,643.5,750,538.7,Not reached yet.,22.759636631475562,-11.825844995498812,https://www.moneycontrol.com/news/business/buy-dabur-target-of-rs-750-motilal-oswal-12786954.html
2024-08-05 12:08:00,Motilal Oswal,Aditya Birla Capital,ABCAPITAL,Buy,220.09,270,202.91,Not reached yet.,12.406328059950047,-15.524562864279764,https://www.moneycontrol.com/news/business/buy-aditya-birla-capital-target-of-rs-270-motilal-oswal-12786953.html
2024-08-05 12:08:00,Motilal Oswal,ITC,ITCI,Buy,,575,,,,,https://www.moneycontrol.com/news/business/buy-itc-target-of-rs-575-motilal-oswal-12786955.html
2024-08-05 12:08:00,Motilal Oswal,Indostar Capital Finance,INDOSTAR,Buy,242.95,290,266.4,49,14.321756612922307,5.018330902353448,https://www.moneycontrol.com/news/business/buy-indostar-capital-finance-target-of-rs-290-motilal-oswal-12786957.html
2024-08-05 12:09:00,Motilal Oswal,UPL,UPLD,Neutral,,550,3500.4,Call type not supported.,-10.062171787287982,-15.48500030180479,https://www.moneycontrol.com/news/business/neutral-upl-target-of-rs-550-motilal-oswal-12786964.html
2024-08-05 12:09:00,Motilal Oswal,Kalyan Jewellers,KALYANKJIL,Buy,564.7,650,768.65,Call type not supported.,49.94148624926857,12.441486249268571,https://www.moneycontrol.com/news/business/buy-kalyan-jewellers-target-of-rs-650-motilal-oswal-12786956.html
2024-08-05 12:09:00,Motilal Oswal,Sun Pharma,SUNPHARMA,Buy,1715.2,1980,780.95,Not reached yet.,20.553477047330595,-7.245085812696715,https://www.moneycontrol.com/news/business/buy-sun-pharma-target-of-rs-1980-motilal-oswal-12786959.html
2024-08-05 12:09:00,Motilal Oswal,TATA Motors,TATAMTRDVR,Neutral,783.55,1025,671.7,44,30.65326633165829,35.01507537688443,https://www.moneycontrol.com/news/business/neutral-tata-motors-target-of-rs-1025-motilal-oswal-12786963.html
2024-08-05 12:09:00,Motilal Oswal,Escorts Kubota,ESCORTS,Neutral,4150.0,3725,,,,,https://www.moneycontrol.com/news/business/neutral-escorts-kubota-target-of-rs-3725-motilal-oswal-12786961.html
2024-08-05 12:09:00,Motilal Oswal,State Bank of India,SBIN,Buy,862.65,1015,1860.4,Not reached yet.,30.254588513913568,22.38668508650748,https://www.moneycontrol.com/news/business/buy-state-bank-of-india-target-of-rs-1015-motilal-oswal-12786958.html
2024-08-05 12:10:00,Motilal Oswal,Tube Investments of India,TIINDIA,Buy,4089.85,4740,4627.75,Not reached yet.,11.921796415669043,9.27132771363131,https://www.moneycontrol.com/news/business/buy-tube-investments-of-india-target-of-rs-4740-motilal-oswal-12786962.html
2024-08-05 13:14:00,Prabhudas Lilladher,Divi's Laboratories,DIVISLAB,Accumulate,4917.9,5000,5780.75,40,8.646052888898538,25.611134047500045,https://www.moneycontrol.com/news/business/stocks/accumulate-divis-laboratories-target-of-rs-5000-prabhudas-lilladher-12787177.html
2024-08-05 13:54:00,Prabhudas Lilladher,Titan Company,TITAN,Accumulate,3468.35,3958,3266.55,Not reached yet.,15.344825073948337,-4.805548674758474,https://www.moneycontrol.com/news/business/stocks/accumulate-titan-company-target-of-rs-3958-prabhudas-lilladher-12787187.html
2024-08-05 14:11:00,Prabhudas Lilladher,Mold-tek Packaging,MOLDTKPAC,Accumulate,824.55,853,685.65,Not reached yet.,5.713223447763046,-15.026645185276987,https://www.moneycontrol.com/news/business/stocks/accumulate-mold-tek-packaging-target-of-rs-853-prabhudas-lilladher-12787364.html
2024-08-05 14:19:00,Prabhudas Lilladher,Nuvoco Vistas Corporation,NUVOCO,Accumulate,346.4,374,331.55,Not reached yet.,0.6729475100942126,-10.753701211305515,https://www.moneycontrol.com/news/business/stocks/accumulate-nuvoco-vistas-corporation-target-of-rs-374-prabhudas-lilladher-12787375.html
2024-08-05 14:29:00,Prabhudas Lilladher,Tata Motors,TATAMTRDVR,Accumulate,783.55,1254,768.65,Not reached yet.,83.4406085430076,12.441486249268571,https://www.moneycontrol.com/news/business/stocks/accumulate-tata-motors-target-of-rs-1254-prabhudas-lilladher-12787390.html
2024-08-05 14:35:00,Prabhudas Lilladher,Thermax,THERMAX,Reduce,5180.2,4237,5431.15,Not reached yet.,20.028689259458485,-2.510310202617895,https://www.moneycontrol.com/news/business/stocks/reduce-thermax-target-of-rs-4237-prabhudas-lilladher-12787149.html
2024-08-05 14:49:00,Prabhudas Lilladher,Max Healthcare Institute,MAXHEALTH,Buy,924.0,975,938.0,56,2.0087884494664205,-1.8623142916928181,https://www.moneycontrol.com/news/business/stocks/buy-max-healthcare-institute-target-of-rs-975-prabhudas-lilladher-12787425.html
2024-08-05 15:02:00,Prabhudas Lilladher,State Bank of India,SBIN,Buy,862.65,960,780.95,Not reached yet.,14.021022626046673,-7.245085812696715,https://www.moneycontrol.com/news/business/stocks/buy-state-bank-of-india-target-of-rs-960-prabhudas-lilladher-12787447.html
2024-08-05 15:25:00,Prabhudas Lilladher,Eris Lifesciences,ERIS,Buy,1121.0,1250,1292.0,37,19.030614674094167,23.03004332714373,https://www.moneycontrol.com/news/business/stocks/buy-eris-lifesciences-target-of-rs-1250-prabhudas-lilladher-12787472.html
2024-08-06 10:18:00,KR Choksey,ACC,ACN,Buy,,2923,,,,,https://www.moneycontrol.com/news/business/stocks/buy-acc-target-of-rs-2923-kr-choksey-2-12788046.html
2024-08-06 10:19:00,ICICI Securities,Mahanagar Gas,MGL,Buy,1845.85,2140,1497.25,Not reached yet.,22.509732081520497,-14.28612319670254,https://www.moneycontrol.com/news/business/earnings/buy-mahanagar-gas-target-of-rs-2140-icici-securities-12788053.html
2024-08-06 10:29:00,KR Choksey,Cipla,CIPLA,Accumulate,1528.8,1633,1488.9,42,10.40497599891827,0.6625650733554311,https://www.moneycontrol.com/news/business/stocks/accumulate-cipla-target-of-rs-1633-kr-choksey-12788080.html
2024-08-06 10:32:00,ICICI Securities,IndusInd Bank,INDUSINDBK,Buy,1404.3,1900,1041.6,Not reached yet.,30.413892511497004,-28.505731347381435,https://www.moneycontrol.com/news/business/earnings/buy-indusind-bank-target-of-rs-1900-icici-securities-12788068.html
2024-08-06 11:37:00,ICICI Securities,IDFC FIRST Bank,IDFCFIRSTB,Buy,74.31,95,65.5,Not reached yet.,20.42083914311066,-16.973000380276336,https://www.moneycontrol.com/news/business/earnings/buy-idfc-first-bank-target-of-rs-95-icici-securities-2-12788070.html
2024-08-06 11:39:00,ICICI Securities,Piramal Pharma,PPLPHARMA,Buy,174.27,200,244.43,44,24.347177319074852,51.97090276050734,https://www.moneycontrol.com/news/business/earnings/buy-piramal-pharma-target-of-rs-200-icici-securities-12788069.html
2024-08-06 11:42:00,ICICI Securities,Shriram Finance,SHRIRAMFIN,Buy,2992.1,3500,3092.65,54,23.898191086410133,9.478211618110375,https://www.moneycontrol.com/news/business/earnings/buy-shriram-finance-target-of-rs-3500-icici-securities-12788071.html
2024-08-06 11:55:00,ICICI Securities,Spandana Spoorthy Financial,,Buy,,950,,,,,https://www.moneycontrol.com/news/business/earnings/buy-spandana-spoorthy-financial-target-of-rs-950-icici-securities-12788073.html
2024-08-06 11:55:00,Prabhudas Lilladher,Britannia Industries,BRITANNIA,Accumulate,5720.35,6080,5669.4,50,12.55819980931753,4.956818749826442,https://www.moneycontrol.com/news/business/stocks/accumulate-britannia-industries-target-of-rs-6080-prabhudas-lilladher-12788175.html
2024-08-06 11:58:00,ICICI Securities,InterGlobe Aviation,INDIGO,Buy,4312.5,5265,4366.1,Not reached yet.,23.908592407803994,2.753524275728978,https://www.moneycontrol.com/news/business/earnings/buy-interglobe-aviation-target-of-rs-5265-icici-securities-12788074.html
2024-08-06 12:01:00,ICICI Securities,TTK Prestige,TTKPRESTIG,Hold,979.15,900,835.35,Call type not supported.,7.836089144500356,0.08986340762041696,https://www.moneycontrol.com/news/business/earnings/hold-ttk-prestige-target-of-rs-900-icici-securities-12788075.html
2024-08-06 12:07:00,ICICI Securities,UltraTech Cement,UCLQF,Hold,,11046,,,,,https://www.moneycontrol.com/news/business/earnings/hold-ultratech-cement-target-of-rs-11046-icici-securities-12788076.html
2024-08-06 12:10:00,ICICI Securities,Home First Finance Company,HOMEFIRST,Hold,1026.1,1075,1102.0,Call type not supported.,-2.1392808375056895,0.31861629494765586,https://www.moneycontrol.com/news/business/earnings/hold-home-first-finance-company-target-of-rs-1075-icici-securities-12788077.html
2024-08-06 12:13:00,ICICI Securities,Dr Reddy’s Laboratories,RDY,Reduce,,6350,,,,,https://www.moneycontrol.com/news/business/earnings/reduce-dr-reddys-laboratories-target-of-rs-6350-icici-securities-12788078.html
2024-08-06 12:18:00,ICICI Securities,Amber Enterprises India,AMBER,Reduce,4389.5,3850,6171.2,Not reached yet.,14.382609662534051,-37.23689331183632,https://www.moneycontrol.com/news/business/earnings/reduce-amber-enterprises-india-target-of-rs-3850-icici-securities-12788212.html
2024-08-06 12:24:00,ICICI Securities,Mphasis,MPHASIS,Sell,2775.3,2020,3041.05,Not reached yet.,19.398280230632647,-21.343495002294357,https://www.moneycontrol.com/news/business/earnings/sell-mphasis-target-of-rs-2020-icici-securities-12788213.html
2024-08-06 12:26:00,ICICI Securities,Ashok Leyland,ASHOKLEY,Sell,250.15,146,214.0,Not reached yet.,37.745181647620676,8.749786798567289,https://www.moneycontrol.com/news/business/earnings/sell-ashok-leyland-target-of-rs-146-icici-securities-12788242.html
2024-08-06 12:51:00,Motilal Oswal,G R Infraprojects,GRINFRA,Buy,1680.55,1910,598.25,Not reached yet.,8.114903513734358,-24.790998805707464,https://www.moneycontrol.com/news/business/buy-g-r-infraprojects-target-of-rs-1910-motilal-oswal-12788190.html
2024-08-06 12:51:00,Motilal Oswal,CAMS,PRECAM,Buy,195.79,4600,268.9,Not reached yet.,2233.9591049774212,36.43513115835404,https://www.moneycontrol.com/news/business/buy-cams-target-of-rs-4600-motilal-oswal-12788189.html
2024-08-06 12:51:00,Motilal Oswal,LIC Housing Finance,LICHSGFIN,Buy,748.6,860,1513.15,Not reached yet.,11.049739818017963,-12.023605337364456,https://www.moneycontrol.com/news/business/buy-lic-housing-finance-target-of-rs-860-motilal-oswal-12788191.html
2024-08-06 12:52:00,Motilal Oswal,GSK Pharma,,Neutral,,2620,,,,,https://www.moneycontrol.com/news/business/neutral-gsk-pharma-target-of-rs-2620-motilal-oswal-12788195.html
2024-08-06 12:52:00,Motilal Oswal,Britannia Industries,BRITANNIA,Neutral,5720.35,5850,5669.4,Call type not supported.,8.300241592846637,4.956818749826442,https://www.moneycontrol.com/news/business/neutral-britannia-industries-target-of-rs-5850-motilal-oswal-12788194.html
2024-08-06 12:52:00,Motilal Oswal,Tata Chemicals,TATACHEM,Neutral,1087.0,980,1064.75,Call type not supported.,-10.526796311512824,-2.789190176207428,https://www.moneycontrol.com/news/business/neutral-tata-chemicals-target-of-rs-980-motilal-oswal-2-12788196.html
2024-08-06 12:52:00,Motilal Oswal,Amara Raja,ARE&M,Neutral,1612.35,1390,1241.8,Call type not supported.,-17.308664743151198,-26.12510782593177,https://www.moneycontrol.com/news/business/neutral-amara-raja-target-of-rs-1390-motilal-oswal-12788193.html
2024-08-06 12:54:00,Motilal Oswal,Motherson Wiring,,Buy,,80,,,,,https://www.moneycontrol.com/news/business/buy-motherson-wiring-target-of-rs-80-motilal-oswal-12788192.html
2024-08-06 12:59:00,Prabhudas Lilladher,Marico,MCOIN23477-USD,Hold,,681,,,,,https://www.moneycontrol.com/news/business/stocks/hold-marico-target-of-rs-681-prabhudas-lilladher-12788283.html
2024-08-06 13:05:00,Prabhudas Lilladher,LIC Housing Finance,LICHSGFIN,Hold,748.6,660,598.25,Call type not supported.,-17.028097303413166,-24.790998805707464,https://www.moneycontrol.com/news/business/stocks/hold-lic-housing-finance-target-of-rs-660-prabhudas-lilladher-12788327.html
2024-08-06 14:49:00,Geojit Financial Services,Petronet LNG,PETRONET,Accumulate,362.4,397,337.55,Not reached yet.,18.04936068986024,0.3716919417187035,https://www.moneycontrol.com/news/business/stocks/accumulate-petronet-lng-target-of-rs-397-geojit-financial-services-12788728.html
2024-08-06 14:55:00,ICICI Securities,Five-Star Business Finance,FIVESTAR,Buy,777.55,930,539.95,Not reached yet.,27.898805340829224,-5.1387912860154605,https://www.moneycontrol.com/news/business/buy-five-star-business-finance-target-of-rs-930-icici-securities-12788517.html
2024-08-06 14:55:00,ICICI Securities,Somany Ceramics,SOMANYCERA,Buy,748.2,928,5780.75,Not reached yet.,19.719126316595386,-26.453313500092975,https://www.moneycontrol.com/news/business/buy-somany-ceramics-target-of-rs-928-icici-securities-12788519.html
2024-08-06 14:55:00,ICICI Securities,Titan Company: target of Rs 3300: ICICI Securities,,Hold,,3300,361.15,Not reached yet.,50.734832307499055,-9.2701921869112,https://www.moneycontrol.com/news/business/hold-titan-company-target-of-rs-3300-icici-securities-12788523.html
2024-08-06 14:55:00,ICICI Securities,Aptus Value Housing Finance,APTUS,Buy,316.6,400,780.95,Not reached yet.,21.043394056769355,-5.471161411365967,https://www.moneycontrol.com/news/business/buy-aptus-value-housing-finance-target-of-rs-400-icici-securities-12788514.html
2024-08-06 14:55:00,ICICI Securities,Genus Power Infrastructures,GENUSPOWER,Buy,380.25,445,,,,,https://www.moneycontrol.com/news/business/buy-genus-power-infrastructures-target-of-rs-445-icici-securities-12788518.html
2024-08-06 14:55:00,ICICI Securities,Thermax: target of Rs 4774: ICICI Securities,,Hold,,4774,337.8,Not reached yet.,19.13626209977662,0.6105733432613586,https://www.moneycontrol.com/news/business/hold-thermax-target-of-rs-4774-icici-securities-12788522.html
2024-08-06 14:55:00,ICICI Securities,State Bank of India,SBIN,Buy,847.85,1000,,,,,https://www.moneycontrol.com/news/business/buy-state-bank-of-india-target-of-rs-1000-icici-securities-12788521.html
2024-08-06 14:55:00,ICICI Securities,Delhivery,DELHIVERY,Buy,416.1,600,660.35,Not reached yet.,12.964090079123554,-19.616555082166766,https://www.moneycontrol.com/news/business/buy-delhivery-target-of-rs-600-icici-securities-2-12788516.html
2024-08-06 14:55:00,ICICI Securities,Divis Laboratories,DIVISLAB,Sell,4991.25,3670,864.95,Not reached yet.,12.271382869559966,4.418422164543975,https://www.moneycontrol.com/news/business/sell-divis-laboratories-target-of-rs-3670-icici-securities-12788525.html
2024-08-06 14:55:00,ICICI Securities,Star Health and Allied Insurance,STARHEALTH,Buy,591.25,728,390.0,37,30.728554641598127,14.571092831962403,https://www.moneycontrol.com/news/business/buy-star-health-and-allied-insurance-target-of-rs-728-icici-securities-3-12788520.html
2024-08-06 14:56:00,ICICI Securities,RailTel Corporation of India,RAILTEL,Sell,501.6,315,395.6,Not reached yet.,34.4159900062461,17.63481157609827,https://www.moneycontrol.com/news/business/sell-railtel-corporation-of-india-target-of-rs-315-icici-securities-12788524.html
2024-08-07 11:13:00,ICICI Securities,Mahindra and Mahindra,,Buy,,3349,,,,,https://www.moneycontrol.com/news/business/earnings/buy-mahindra-and-mahindra-target-of-rs-3349-icici-securities-12789469.html
2024-08-07 11:30:00,ICICI Securities,Ambuja Cements,AMBUJACEM,Buy,636.15,801,552.7,Not reached yet.,15.634473798181023,-20.210769452865595,https://www.moneycontrol.com/news/business/earnings/buy-ambuja-cements-target-of-rs-801-icici-securities-12789471.html
2024-08-07 11:59:00,KR Choksey,Divi's Laboratories,DIVISLAB,Hold,4826.95,4930,5780.75,Call type not supported.,8.134191680466763,26.794468267111206,https://www.moneycontrol.com/news/business/stocks/hold-divis-laboratories-target-of-rs-4930-kr-choksey-12789559.html
2024-08-07 12:18:00,KR Choksey,State Bank of India,SBIN,Buy,811.65,1010,780.95,Not reached yet.,20.24525269361271,-7.024227632597178,https://www.moneycontrol.com/news/business/stocks/buy-state-bank-of-india-target-of-rs-1010-kr-choksey-12789491.html
2024-08-07 12:21:00,KR Choksey,Maruti Suzuki,MARUTI,Buy,12200.85,14148,11502.85,Not reached yet.,16.697529209437757,-5.120570125333536,https://www.moneycontrol.com/news/business/stocks/buy-maruti-suzuki-target-of-rs-14148-kr-choksey-12789466.html
2024-08-07 12:31:00,KR Choksey,Bandhan Bank,0P0001BAJB,Accumulate,,217,,,,,https://www.moneycontrol.com/news/business/stocks/accumulate-bandhan-bank-target-of-rs-217-kr-choksey-12789452.html
2024-08-07 12:33:00,KR Choksey,Adani Wilmar,AWL,Accumulate,382.35,410,324.25,Not reached yet.,22.151050201102347,-3.3963950543721073,https://www.moneycontrol.com/news/business/stocks/accumulate-adani-wilmar-target-of-rs-410-kr-choksey-12789456.html
2024-08-07 12:38:00,KR Choksey,UPL,UPLD,Hold,,534,,,,,https://www.moneycontrol.com/news/business/stocks/hold-upl-target-of-rs-534-kr-choksey-2-12789462.html
2024-08-07 12:44:00,ICICI Securities,Bharat Heavy Electricals,BHEL,Buy,291.65,370,216.85,Not reached yet.,18.856408609058782,-30.340507548988114,https://www.moneycontrol.com/news/business/earnings/buy-bharat-heavy-electricals-target-of-rs-370-icici-securities-12789473.html
2024-08-07 12:44:00,ICICI Securities,Shyam Metalics and Energy,SHYAMMETL,Buy,696.45,825,797.45,36,12.589559877175024,8.829750938246338,https://www.moneycontrol.com/news/business/earnings/buy-shyam-metalics-and-energy-target-of-rs-825-icici-securities-2-12789472.html
2024-08-07 12:44:00,ICICI Securities,Zee Entertainment Enterprises,ZEEL,Buy,134.18,195,119.56,Not reached yet.,29.293197188701768,-20.726694072404186,https://www.moneycontrol.com/news/business/earnings/buy-zee-entertainment-enterprises-target-of-rs-195-icici-securities-12789474.html
2024-08-07 12:44:00,ICICI Securities,Crompton Greaves Consumer Electricals,CROMPTON,Buy,428.5,540,391.95,Not reached yet.,31.322957198443586,-4.681420233463035,https://www.moneycontrol.com/news/business/earnings/buy-crompton-greaves-consumer-electricals-target-of-rs-540-icici-securities-12789475.html
2024-08-07 12:55:00,Geojit Financial Services,Tech Mahindra,TECHM,Buy,1456.35,1645,1716.45,39,11.163670766319775,15.992025949452634,https://www.moneycontrol.com/news/business/stocks/buy-tech-mahindra-target-of-rs-1645-geojit-financial-services-12789651.html
2024-08-07 13:02:00,Geojit Financial Services,Mahindra and Mahindra Financial Services,,Accumulate,,330,,,,,https://www.moneycontrol.com/news/business/stocks/accumulate-mahindra-and-mahindra-financial-services-target-of-rs-330-geojit-financial-services-12789679.html
2024-08-07 13:02:00,Motilal Oswal,Gland Pharma,GLAND,Buy,2115.4,2440,1605.85,Not reached yet.,34.791735719809964,-11.288807866534093,https://www.moneycontrol.com/news/business/buy-gland-pharma-target-of-rs-2440-motilal-oswal-12789621.html
2024-08-07 13:03:00,Motilal Oswal,Godrej Agrovet,GODREJAGRO,Neutral,796.7,880,379.55,Not reached yet.,8.805158170461413,-23.524078178521055,https://www.moneycontrol.com/news/business/neutral-godrej-agrovet-target-of-rs-880-motilal-oswal-12789627.html
2024-08-07 13:03:00,Motilal Oswal,VRL Logistics,VRLLOG,Buy,544.15,660,,,,,https://www.moneycontrol.com/news/business/buy-vrl-logistics-target-of-rs-660-motilal-oswal-12789626.html
2024-08-07 13:03:00,Motilal Oswal,Triveni Turbine,TRITURBINE,Buy,595.65,720,942.6,Not reached yet.,15.648318373526553,-1.9357629501459905,https://www.moneycontrol.com/news/business/buy-triveni-turbine-target-of-rs-720-motilal-oswal-12789624.html
2024-08-07 13:03:00,Motilal Oswal,V-Mart Retail,VMART,Neutral,3275.05,3500,3266.55,Not reached yet.,19.038761996875234,-2.788482999776797,https://www.moneycontrol.com/news/business/neutral-v-mart-retail-target-of-rs-3500-motilal-oswal-12789629.html
2024-08-07 13:03:00,Motilal Oswal,Vedanta,VEDL,Neutral,413.25,460,,,,,https://www.moneycontrol.com/news/business/neutral-vedanta-target-of-rs-460-motilal-oswal-12789628.html
2024-08-07 13:03:00,ICICI Securities,Marico,MCOIN23477-USD,Buy,,780,,,,,https://www.moneycontrol.com/news/business/buy-marico-target-of-rs-780-icici-securities-12789509.html
2024-08-07 13:03:00,ICICI Securities,Utkarsh Small Finance Bank,UTKARSHBNK,Buy,48.71,70,1923.8,Call type not supported.,21.918631839134203,28.518939140891163,https://www.moneycontrol.com/news/business/buy-utkarsh-small-finance-bank-target-of-rs-70-icici-securities-5-12789510.html
2024-08-07 13:03:00,ICICI Securities,Torrent Power,TORNTPOWER,Hold,1763.0,1825,519.7,Not reached yet.,11.06436684896929,-12.545225073622204,https://www.moneycontrol.com/news/business/earnings/hold-torrent-power-target-of-rs-1825-icici-securities-12789659.html
2024-08-07 13:03:00,ICICI Securities,Sudarshan Chemical Industries: target of Rs 780: ICICI Securities,SUDARSCHEM,Reduce,914.7,780,,,,,https://www.moneycontrol.com/news/business/reduce-sudarshan-chemical-industries-target-of-rs-780-icici-securities-12789512.html
2024-08-07 13:03:00,Motilal Oswal,Syrma SGS Technology,SYRMA,Buy,466.3,540,455.4,Call type not supported.,-0.8406984263849918,-1.8322914421211467,https://www.moneycontrol.com/news/business/buy-syrma-sgs-technology-target-of-rs-540-motilal-oswal-12789623.html
2024-08-07 13:03:00,ICICI Securities,Carborundum Universal: target of Rs 1450: ICICI Securities,,Reduce,,1450,4345.7,Call type not supported.,14.489458791972645,42.15338316350729,https://www.moneycontrol.com/news/business/reduce-carborundum-universal-target-of-rs-1450-icici-securities-12789511.html
2024-08-07 13:03:00,ICICI Securities,GlaxoSmithKline Pharmaceuticals: target of Rs 2640: ICICI Securities,,Hold,,2640,690.25,28,11.610603007285688,6.9989148969152035,https://www.moneycontrol.com/news/business/hold-glaxosmithkline-pharmaceuticals-target-of-rs-2640-icici-securities-12789514.html
2024-08-07 13:03:00,Motilal Oswal,Titan Company,TITAN,Buy,3375.95,4000,39.13,Not reached yet.,38.99920571882446,-22.29944400317712,https://www.moneycontrol.com/news/business/buy-titan-company-target-of-rs-4000-motilal-oswal-12789625.html
2024-08-07 13:03:00,ICICI Securities,GR Infraprojects,,Buy,,1875,736.8,Call type not supported.,9.568573740895228,-8.261221440577728,https://www.moneycontrol.com/news/business/buy-gr-infraprojects-target-of-rs-1875-icici-securities-12789505.html
2024-08-07 14:09:00,ICICI Securities,Tata Power,TATAPOWER,Buy,434.8,500,422.1,Not reached yet.,15.247205255272553,-2.7083093234989053,https://www.moneycontrol.com/news/business/stocks/buy-tata-power-target-of-rs-500-icici-securities-12789787.html
2024-08-07 14:23:00,ICICI Securities,Macrotech Developers,LODHA,Hold,1175.3,1264,1082.35,Call type not supported.,-15.380753138075315,-27.54142259414227,https://www.moneycontrol.com/news/business/earnings/hold-macrotech-developers-target-of-rs-1264-icici-securities-12789660.html
2024-08-07 14:23:00,ICICI Securities,Godrej Properties,GODREJPROP,Sell,2835.25,1861,2929.25,Not reached yet.,44.1250206416165,12.051701619803945,https://www.moneycontrol.com/news/business/earnings/sell-godrej-properties-target-of-rs-1861-icici-securities-12789664.html
2024-08-07 14:29:00,ICICI Securities,Indus Tower,INDUSTOWER,Sell,413.65,270,334.7,Not reached yet.,31.904161412358135,15.586380832282472,https://www.moneycontrol.com/news/business/earnings/sell-indus-tower-target-of-rs-270-icici-securities-3-12789663.html
2024-08-07 14:30:00,ICICI Securities,Multi Commodity Exchange of India,MCX,Hold,4198.85,4295,6487.55,Call type not supported.,9.1694732159878,64.89928194700389,https://www.moneycontrol.com/news/business/earnings/hold-multi-commodity-exchange-of-india-target-of-rs-4295-icici-securities-12789661.html
2024-08-07 14:31:00,Prabhudas Lilladher,Narayana Hrudayalaya,NH,Buy,1222.0,1350,1236.7,46,10.294117647058822,1.037581699346409,https://www.moneycontrol.com/news/business/stocks/buy-narayana-hrudayalaya-target-of-rs-1350-prabhudas-lilladher-12789821.html
2024-08-07 14:46:00,Prabhudas Lilladher,Triveni Turbine,TRITURBINE,Buy,595.65,719,690.25,28,11.45558828088668,6.9989148969152035,https://www.moneycontrol.com/news/business/stocks/buy-triveni-turbine-target-of-rs-719-prabhudas-lilladher-12789817.html
2024-08-07 14:48:00,Prabhudas Lilladher,Imagicaaworld Entertainment,IMAGICAA,Buy,77.07,116,73.08,Not reached yet.,49.48453608247424,-5.824742268041232,https://www.moneycontrol.com/news/business/stocks/buy-imagicaaworld-entertainment-target-of-rs-116-prabhudas-lilladher-12789812.html
2024-08-07 14:55:00,Prabhudas Lilladher,BEML,BLAL,Accumulate,293.3,4484,219.87,Not reached yet.,1367.5175912289315,-28.04123711340206,https://www.moneycontrol.com/news/business/stocks/accumulate-beml-target-of-rs-4484-prabhudas-lilladher-12789806.html
2024-08-07 14:58:00,Prabhudas Lilladher,TVS Motor Company,TVSMOTOR,Hold,2493.35,2484,2449.8,Call type not supported.,7.318759180851988,5.841182061695338,https://www.moneycontrol.com/news/business/stocks/hold-tvs-motor-company-target-of-rs-2484-prabhudas-lilladher-12789746.html
2024-08-07 15:03:00,Prabhudas Lilladher,Bharti Airtel,BHARTIARTL,Accumulate,1465.7,1593,1666.0,49,12.194950170792698,17.336338345599895,https://www.moneycontrol.com/news/business/stocks/accumulate-bharti-airtel-target-of-rs-1593-prabhudas-lilladher-12789801.html
2024-08-07 15:05:00,Prabhudas Lilladher,Oil and Natural Gas Corporation,ONGC,Hold,310.25,322,264.05,Call type not supported.,17.218784128139795,-3.876956680014553,https://www.moneycontrol.com/news/business/stocks/hold-oil-and-natural-gas-corporation-target-of-rs-322-prabhudas-lilladher-12789796.html
2024-08-07 15:33:00,Prabhudas Lilladher,Bajaj Electricals,BAJAJELEC,Hold,966.3,941,844.35,Call type not supported.,-12.125881309240317,-21.151421767754577,https://www.moneycontrol.com/news/business/stocks/hold-bajaj-electricals-target-of-rs-941-prabhudas-lilladher-3-12789738.html
2024-08-08 11:18:00,ICICI Securities,Oil and Natural Gas Corporation,ONGC,Buy,306.1,375,264.05,Not reached yet.,35.35462912831618,-4.692293809781627,https://www.moneycontrol.com/news/business/earnings/buy-oil-and-natural-gas-corporation-target-of-rs-375-icici-securities-12790597.html
2024-08-08 11:59:00,ICICI Securities,Syrma SGS Technology,SYRMA,Buy,427.75,540,379.55,Not reached yet.,6.624543390265576,-25.056767696712406,https://www.moneycontrol.com/news/business/earnings/buy-syrma-sgs-technology-target-of-rs-540-icici-securities-12790598.html
2024-08-08 12:06:00,ICICI Securities,InterGlobe Aviation,INDIGO,Buy,4261.45,5265,4366.1,Not reached yet.,22.763042844651704,1.8035558146313115,https://www.moneycontrol.com/news/business/earnings/buy-interglobe-aviation-target-of-rs-5265-icici-securities-2-12790599.html
2024-08-08 12:17:00,ICICI Securities,VRL Logistics,VRLLOG,Buy,536.1,655,519.7,Not reached yet.,10.63254792669539,-12.220251667933438,https://www.moneycontrol.com/news/business/earnings/buy-vrl-logistics-target-of-rs-655-icici-securities-12790602.html
2024-08-08 12:17:00,ICICI Securities,Tata Power,TATAPOWER,Buy,436.7,500,422.1,Not reached yet.,14.613180515759314,-3.2435530085959834,https://www.moneycontrol.com/news/business/earnings/buy-tata-power-target-of-rs-500-icici-securities-2-12790600.html
2024-08-08 12:21:00,ICICI Securities,Bajaj Electricals,BAJAJELEC,Hold,966.3,1000,844.35,Call type not supported.,-9.227068488176833,-23.35587527799211,https://www.moneycontrol.com/news/business/earnings/hold-bajaj-electricals-target-of-rs-1000-icici-securities-12790601.html
2024-08-08 12:26:00,ICICI Securities,Vijaya Diagnostic Centre,VIJAYA,Hold,809.25,815,905.3,Call type not supported.,3.524928548745634,14.99523658304223,https://www.moneycontrol.com/news/business/earnings/hold-vijaya-diagnostic-centre-target-of-rs-815-icici-securities-12790603.html
2024-08-08 12:31:00,ICICI Securities,Orient Cement,ORIENTCEM,Sell,339.1,237,1419.0,Call type not supported.,92.66743101471513,22.324422644241963,https://www.moneycontrol.com/news/business/earnings/sell-orient-cement-target-of-rs-237-icici-securities-12790604.html
2024-08-08 12:31:00,ICICI Securities,Central Depository Services,CDSL,Hold,2292.85,2235,338.2,Not reached yet.,22.7131909342899,-10.288602641447909,https://www.moneycontrol.com/news/business/earnings/hold-central-depository-services-target-of-rs-2235-icici-securities-12790605.html
2024-08-08 12:36:00,ICICI Securities,Fusion Micro Finance,FUSION,Reduce,433.0,385,190.49,23,16.44965277777778,58.66102430555556,https://www.moneycontrol.com/news/business/earnings/reduce-fusion-micro-finance-target-of-rs-385-icici-securities-12790606.html
2024-08-08 13:51:00,KR Choksey,Sonata Software,SONATSOFTW,Accumulate,649.25,694,583.0,6,7.164916615194561,-9.975293390982092,https://www.moneycontrol.com/news/business/stocks/accumulate-sonata-software-target-of-rs-694-kr-choksey-12790864.html
2024-08-08 13:58:00,KR Choksey,Archean Chemical Industries,ACI,Buy,709.15,943,596.85,Not reached yet.,28.08149405772496,-18.933786078098468,https://www.moneycontrol.com/news/business/stocks/buy-archean-chemical-industries-target-of-rs-943-kr-choksey-12790634.html
2024-08-08 14:01:00,KR Choksey,Cholamandalam Inv and Fin Co,CHOLAFIN,Buy,1335.35,1605,1372.2,55,12.893015404093688,-3.4817472040514876,https://www.moneycontrol.com/news/business/stocks/buy-cholamandalam-inv-and-fin-co-target-of-rs-1605-kr-choksey-12790627.html
2024-08-08 14:06:00,KR Choksey,Infibeam Avenues,INFIBEAM,Buy,31.0,37,26.26,Not reached yet.,23.663101604278065,-12.232620320855615,https://www.moneycontrol.com/news/business/stocks/buy-infibeam-avenues-target-of-rs-37-kr-choksey-12790609.html
2024-08-08 14:11:00,KR Choksey,Laxmi Organic Industries,LXCHEM,Hold,248.15,253,244.65,Call type not supported.,-3.984819734345351,-7.153700189753319,https://www.moneycontrol.com/news/business/stocks/hold-laxmi-organic-industries-target-of-rs-253-kr-choksey-12790591.html
2024-08-08 14:36:00,Prabhudas Lilladher,Harsha Engineers International,HARSHA,Hold,529.75,565,467.75,Call type not supported.,-3.0209406110539003,-19.713353930655682,https://www.moneycontrol.com/news/business/stocks/hold-harsha-engineers-international-target-of-rs-565-prabhudas-lilladher-12790820.html
2024-08-08 14:43:00,Prabhudas Lilladher,V.I.P. Industries,VIPIND,Hold,444.2,454,461.2,Call type not supported.,-5.080493414175207,-3.5751620321973703,https://www.moneycontrol.com/news/business/stocks/hold-v-i-p-industries-target-of-rs-454-prabhudas-lilladher-12790815.html
2024-08-08 14:46:00,Prabhudas Lilladher,Cummins India,CUMMINSIND,Accumulate,3522.1,4081,3370.15,1,0.4108948650444066,-17.07920183057353,https://www.moneycontrol.com/news/business/stocks/accumulate-cummins-india-target-of-rs-4081-prabhudas-lilladher-12790804.html
2024-08-08 14:49:00,Prabhudas Lilladher,Lupin,LUPIN,Buy,1910.75,2300,2156.7,Not reached yet.,30.733814585346448,22.588529528789852,https://www.moneycontrol.com/news/business/stocks/buy-lupin-target-of-rs-2300-prabhudas-lilladher-12790789.html
2024-08-08 14:54:00,Prabhudas Lilladher,Fortis Healthcare,FORTIS,Buy,496.9,515,582.8,27,9.423138213109535,23.828747476893657,https://www.moneycontrol.com/news/business/stocks/buy-fortis-healthcare-target-of-rs-515-prabhudas-lilladher-2-12790748.html
2024-08-08 14:57:00,Prabhudas Lilladher,Safari Industries (India),SAFARI,Buy,2142.3,2476,2222.45,39,15.644193269657404,3.8018729128231303,https://www.moneycontrol.com/news/business/stocks/buy-safari-industries-india-target-of-rs-2476-prabhudas-lilladher-12790737.html
2024-08-08 15:34:00,Motilal Oswal,Brigade Enterprises,BRIGADE,Buy,1175.6,1525,3370.15,Not reached yet.,5.799276628201653,-17.07920183057353,https://www.moneycontrol.com/news/business/buy-brigade-enterprises-target-of-rs-1525-motilal-oswal-12791106.html
2024-08-08 15:34:00,Motilal Oswal,Cummins India,CUMMINSIND,Buy,3748.55,4300,1180.55,Not reached yet.,10.14011266791854,-14.737108190091,https://www.moneycontrol.com/news/business/buy-cummins-india-target-of-rs-4300-motilal-oswal-12791108.html
2024-08-08 15:35:00,Motilal Oswal,BSE,^BSESN,Neutral,,2700,,,,,https://www.moneycontrol.com/news/business/neutral-bse-target-of-rs-2700-motilal-oswal-12791116.html
2024-08-08 15:35:00,Motilal Oswal,Bosch,BOSCHLTD,Neutral,32430.85,29540,35931.95,Call type not supported.,-16.261296504178436,1.8583245455885398,https://www.moneycontrol.com/news/business/neutral-bosch-target-of-rs-29540-motilal-oswal-12791115.html
2024-08-08 15:35:00,Motilal Oswal,Shree Cement,SHREECEM,Neutral,25098.6,27500,24956.8,Call type not supported.,0.14913116076485067,-9.112660488982685,https://www.moneycontrol.com/news/business/neutral-shree-cement-target-of-rs-27500-motilal-oswal-12791114.html
2024-08-08 15:35:00,Motilal Oswal,Indigo Paints,INDIGOPNTS,Buy,1478.2,1700,1601.45,Not reached yet.,23.125950604765695,15.988266821177662,https://www.moneycontrol.com/news/business/buy-indigo-paints-target-of-rs-1700-motilal-oswal-2-12791109.html
2024-08-08 15:35:00,Motilal Oswal,Lupin,LUPIN,Neutral,1994.45,2050,2156.7,Call type not supported.,16.52361734780879,22.588529528789852,https://www.moneycontrol.com/news/business/neutral-lupin-target-of-rs-2050-motilal-oswal-12791112.html
2024-08-08 15:35:00,Motilal Oswal,Raymond,RJF,Buy,,2310,,,,,https://www.moneycontrol.com/news/business/buy-raymond-target-of-rs-2310-motilal-oswal-12791110.html
2024-08-08 15:35:00,Motilal Oswal,Aditya Birla Fashion and Retail,ABFRL,Neutral,323.05,340,300.3,Call type not supported.,1.7354877318970712,-10.143626570915613,https://www.moneycontrol.com/news/business/neutral-aditya-birla-fashion-and-retail-target-of-rs-340-motilal-oswal-12791117.html
2024-08-08 15:35:00,Motilal Oswal,Clean Science & Technology,045520,Neutral,,1440,,,,,https://www.moneycontrol.com/news/business/neutral-clean-science-target-of-rs-1440-motilal-oswal-12791113.html
2024-08-08 15:35:00,Motilal Oswal,Updater Services,UDS,Buy,320.9,400,357.6,Not reached yet.,28.452151573538863,14.836223506743753,https://www.moneycontrol.com/news/business/buy-updater-services-target-of-rs-400-motilal-oswal-12791111.html
2024-08-08 15:37:00,Emkay,VRL Logistics,VRLLOG,Buy,529.85,725,519.7,Not reached yet.,22.455873659319323,-12.220251667933438,https://www.moneycontrol.com/news/business/buy-vrl-logistics-target-of-rs-725-emkay-12791119.html
2024-08-08 15:37:00,Emkay,ONGC,ONGC,Buy,329.1,360,264.05,Not reached yet.,29.940443963183533,-4.692293809781627,https://www.moneycontrol.com/news/business/buy-ongc-target-of-rs-360-emkay-12791118.html
2024-08-09 14:38:00,ICICI Securities,Blue Jet Healthcare,BLUEJET,Buy,501.35,600,472.4,Not reached yet.,39.86013986013986,10.116550116550112,https://www.moneycontrol.com/news/business/earnings/buy-blue-jet-healthcare-target-of-rs-600-icici-securities-12792167.html
2024-08-09 14:40:00,ICICI Securities,Hindalco Industries,HINDALCO,Buy,623.7,830,678.75,Not reached yet.,18.715583208181368,-2.9178287921046953,https://www.moneycontrol.com/news/business/earnings/buy-hindalco-industries-target-of-rs-830-icici-securities-12792168.html
2024-08-09 14:43:00,ICICI Securities,Solar Industries,SOLARINDS,Buy,10218.75,13250,10464.85,Not reached yet.,8.957991554727753,-13.94497827007602,https://www.moneycontrol.com/news/business/earnings/buy-solar-industries-target-of-rs-13250-icici-securities-2-12792169.html
2024-08-09 14:46:00,ICICI Securities,Gulf Oil Lubricants India,GULFOILLUB,Buy,1152.45,1375,1122.95,32,6.494210587460783,-13.027146342407933,https://www.moneycontrol.com/news/business/earnings/buy-gulf-oil-lubricants-india-target-of-rs-1375-icici-securities-12792170.html
2024-08-09 14:51:00,ICICI Securities,Motilal Oswal Financial Services,MOTILALOFS,Buy,609.95,703,872.0,34,27.42432481421061,58.056914990030805,https://www.moneycontrol.com/news/business/earnings/buy-motilal-oswal-financial-services-target-of-rs-703-icici-securities-12792171.html
2024-08-09 14:51:00,ICICI Securities,Shree Cement,SHREECEM,Hold,25098.6,24184,24956.8,Call type not supported.,-12.149865413186966,-9.342613345345045,https://www.moneycontrol.com/news/business/earnings/hold-shree-cement-target-of-rs-24184-icici-securities-12792173.html
2024-08-09 15:02:00,ICICI Securities,Century Plyboards,CENTURYPLY,Hold,707.15,687,843.45,Call type not supported.,-7.493435669561702,13.573015552413665,https://www.moneycontrol.com/news/business/earnings/hold-century-plyboards-target-of-rs-687-icici-securities-12792175.html
2024-08-09 15:06:00,ICICI Securities,Varroc Engineering,VARROC,Hold,583.05,595,514.6,Call type not supported.,-11.497843224750849,-23.45679012345678,https://www.moneycontrol.com/news/business/earnings/hold-varroc-engineering-target-of-rs-595-icici-securities-12792174.html
2024-08-09 15:09:00,ICICI Securities,Dr Lal Pathlabs,LALPATHLAB,Hold,3186.35,3240,3137.65,Call type not supported.,12.305025996533796,8.757365684575392,https://www.moneycontrol.com/news/business/earnings/hold-dr-lal-pathlabs-target-of-rs-3240-icici-securities-12792176.html
2024-08-09 15:17:00,ICICI Securities,Bosch,BOSCHLTD,Sell,32430.85,25221,3370.15,Not reached yet.,20.657958393807448,18.47726173197871,https://www.moneycontrol.com/news/business/earnings/sell-bosch-target-of-rs-25221-icici-securities-12792224.html
2024-08-09 15:17:00,ICICI Securities,Bosch,BOSCHLTD,Sell,32430.85,25221,35931.95,Not reached yet.,28.092033985288246,-2.4461139305468356,https://www.moneycontrol.com/news/business/earnings/sell-bosch-target-of-rs-25221-icici-securities-12792224.html
2024-08-09 15:17:00,ICICI Securities,Cummins India,CUMMINSIND,Reduce,3748.55,3280,3370.15,Not reached yet.,20.657958393807448,18.47726173197871,https://www.moneycontrol.com/news/business/earnings/reduce-cummins-india-target-of-rs-3280-icici-securities-12792225.html
2024-08-09 15:17:00,ICICI Securities,Cummins India,CUMMINSIND,Reduce,3748.55,3280,3370.15,Not reached yet.,20.657958393807448,18.47726173197871,https://www.moneycontrol.com/news/business/earnings/reduce-cummins-india-target-of-rs-3280-icici-securities-12792225.html
2024-08-09 15:17:00,ICICI Securities,Cummins India,CUMMINSIND,Reduce,3748.55,3280,35931.95,Not reached yet.,28.092033985288246,-2.4461139305468356,https://www.moneycontrol.com/news/business/earnings/reduce-cummins-india-target-of-rs-3280-icici-securities-12792225.html
2024-08-09 15:17:00,ICICI Securities,Cummins India,CUMMINSIND,Reduce,3748.55,3280,35931.95,Not reached yet.,28.092033985288246,-2.4461139305468356,https://www.moneycontrol.com/news/business/earnings/reduce-cummins-india-target-of-rs-3280-icici-securities-12792225.html
2024-08-09 15:17:00,ICICI Securities,Cummins India,CUMMINSIND,Reduce,3748.55,3280,35931.95,Not reached yet.,28.092033985288246,-2.4461139305468356,https://www.moneycontrol.com/news/business/earnings/reduce-cummins-india-target-of-rs-3280-icici-securities-12792225.html
2024-08-09 15:17:00,ICICI Securities,Bosch,BOSCHLTD,Sell,32430.85,25221,3370.15,Not reached yet.,20.657958393807448,18.47726173197871,https://www.moneycontrol.com/news/business/earnings/sell-bosch-target-of-rs-25221-icici-securities-12792224.html
2024-08-09 15:17:00,ICICI Securities,Bosch,BOSCHLTD,Sell,32430.85,25221,3370.15,Not reached yet.,20.657958393807448,18.47726173197871,https://www.moneycontrol.com/news/business/earnings/sell-bosch-target-of-rs-25221-icici-securities-12792224.html
2024-08-09 15:17:00,ICICI Securities,Bosch,BOSCHLTD,Sell,31835.65,25221,3370.15,Not reached yet.,20.657958393807448,18.47726173197871,https://www.moneycontrol.com/news/business/earnings/sell-bosch-target-of-rs-25221-icici-securities-12792224.html
2024-08-09 15:17:00,ICICI Securities,Bosch,BOSCHLTD,Sell,32430.85,25221,35931.95,Not reached yet.,28.092033985288246,-2.4461139305468356,https://www.moneycontrol.com/news/business/earnings/sell-bosch-target-of-rs-25221-icici-securities-12792224.html
2024-08-09 15:17:00,ICICI Securities,Bosch,BOSCHLTD,Sell,32430.85,25221,35931.95,Not reached yet.,28.092033985288246,-2.4461139305468356,https://www.moneycontrol.com/news/business/earnings/sell-bosch-target-of-rs-25221-icici-securities-12792224.html
2024-08-09 15:17:00,ICICI Securities,Cummins India,CUMMINSIND,Reduce,3748.55,3280,3370.15,Not reached yet.,20.657958393807448,18.47726173197871,https://www.moneycontrol.com/news/business/earnings/reduce-cummins-india-target-of-rs-3280-icici-securities-12792225.html
2024-08-09 15:17:00,ICICI Securities,Cummins India,CUMMINSIND,Reduce,3748.55,3280,3370.15,Not reached yet.,20.657958393807448,18.47726173197871,https://www.moneycontrol.com/news/business/earnings/reduce-cummins-india-target-of-rs-3280-icici-securities-12792225.html
2024-08-09 15:17:00,ICICI Securities,Cummins India,CUMMINSIND,Reduce,3748.55,3280,35931.95,Not reached yet.,28.092033985288246,-2.4461139305468356,https://www.moneycontrol.com/news/business/earnings/reduce-cummins-india-target-of-rs-3280-icici-securities-12792225.html
2024-08-09 15:17:00,ICICI Securities,Cummins India,CUMMINSIND,Reduce,3748.55,3280,35931.95,Not reached yet.,28.092033985288246,-2.4461139305468356,https://www.moneycontrol.com/news/business/earnings/reduce-cummins-india-target-of-rs-3280-icici-securities-12792225.html
2024-08-09 15:17:00,ICICI Securities,Bosch,BOSCHLTD,Sell,32430.85,25221,3370.15,Not reached yet.,20.657958393807448,18.47726173197871,https://www.moneycontrol.com/news/business/earnings/sell-bosch-target-of-rs-25221-icici-securities-12792224.html
2024-08-09 15:17:00,ICICI Securities,Bosch,BOSCHLTD,Sell,32430.85,25221,35931.95,Not reached yet.,28.092033985288246,-2.4461139305468356,https://www.moneycontrol.com/news/business/earnings/sell-bosch-target-of-rs-25221-icici-securities-12792224.html
2024-08-09 15:17:00,ICICI Securities,Bosch,BOSCHLTD,Sell,32430.85,25221,3370.15,Not reached yet.,20.657958393807448,18.47726173197871,https://www.moneycontrol.com/news/business/earnings/sell-bosch-target-of-rs-25221-icici-securities-12792224.html
2024-08-09 15:17:00,ICICI Securities,Cummins India,CUMMINSIND,Reduce,3748.55,3280,35931.95,Not reached yet.,28.092033985288246,-2.4461139305468356,https://www.moneycontrol.com/news/business/earnings/reduce-cummins-india-target-of-rs-3280-icici-securities-12792225.html
2024-08-09 15:17:00,ICICI Securities,Bosch,BOSCHLTD,Sell,32430.85,25221,35931.95,Not reached yet.,28.092033985288246,-2.4461139305468356,https://www.moneycontrol.com/news/business/earnings/sell-bosch-target-of-rs-25221-icici-securities-12792224.html
2024-08-09 15:17:00,ICICI Securities,Cummins India,CUMMINSIND,Reduce,3748.55,3280,3370.15,Not reached yet.,20.657958393807448,18.47726173197871,https://www.moneycontrol.com/news/business/earnings/reduce-cummins-india-target-of-rs-3280-icici-securities-12792225.html
2024-08-09 15:17:00,ICICI Securities,Bosch,BOSCHLTD,Sell,32430.85,25221,3370.15,Not reached yet.,20.657958393807448,18.47726173197871,https://www.moneycontrol.com/news/business/earnings/sell-bosch-target-of-rs-25221-icici-securities-12792224.html
2024-08-09 15:17:00,ICICI Securities,Cummins India,CUMMINSIND,Reduce,3728.5,3280,35931.95,Not reached yet.,28.092033985288246,-2.4461139305468356,https://www.moneycontrol.com/news/business/earnings/reduce-cummins-india-target-of-rs-3280-icici-securities-12792225.html
2024-08-09 15:17:00,ICICI Securities,Cummins India,CUMMINSIND,Reduce,3748.55,3280,3370.15,Not reached yet.,20.657958393807448,18.47726173197871,https://www.moneycontrol.com/news/business/earnings/reduce-cummins-india-target-of-rs-3280-icici-securities-12792225.html
2024-08-09 15:17:00,ICICI Securities,Bosch,BOSCHLTD,Sell,32430.85,25221,35931.95,Not reached yet.,28.092033985288246,-2.4461139305468356,https://www.moneycontrol.com/news/business/earnings/sell-bosch-target-of-rs-25221-icici-securities-12792224.html
2024-08-09 15:17:00,ICICI Securities,Bosch,BOSCHLTD,Sell,32430.85,25221,35931.95,Not reached yet.,28.092033985288246,-2.4461139305468356,https://www.moneycontrol.com/news/business/earnings/sell-bosch-target-of-rs-25221-icici-securities-12792224.html
2024-08-09 15:17:00,ICICI Securities,Bosch,BOSCHLTD,Sell,32430.85,25221,3370.15,Not reached yet.,20.657958393807448,18.47726173197871,https://www.moneycontrol.com/news/business/earnings/sell-bosch-target-of-rs-25221-icici-securities-12792224.html
2024-08-09 15:17:00,ICICI Securities,Bosch,BOSCHLTD,Sell,32430.85,25221,35931.95,Not reached yet.,28.092033985288246,-2.4461139305468356,https://www.moneycontrol.com/news/business/earnings/sell-bosch-target-of-rs-25221-icici-securities-12792224.html
2024-08-09 15:17:00,ICICI Securities,Cummins India,CUMMINSIND,Reduce,3748.55,3280,35931.95,Not reached yet.,28.092033985288246,-2.4461139305468356,https://www.moneycontrol.com/news/business/earnings/reduce-cummins-india-target-of-rs-3280-icici-securities-12792225.html
2024-08-09 15:17:00,ICICI Securities,Cummins India,CUMMINSIND,Reduce,3748.55,3280,3370.15,Not reached yet.,20.657958393807448,18.47726173197871,https://www.moneycontrol.com/news/business/earnings/reduce-cummins-india-target-of-rs-3280-icici-securities-12792225.html
2024-08-09 15:17:00,ICICI Securities,Cummins India,CUMMINSIND,Reduce,3748.55,3280,3370.15,Not reached yet.,20.657958393807448,18.47726173197871,https://www.moneycontrol.com/news/business/earnings/reduce-cummins-india-target-of-rs-3280-icici-securities-12792225.html
2024-08-09 15:17:00,ICICI Securities,Bosch,BOSCHLTD,Sell,32430.85,25221,3370.15,Not reached yet.,20.657958393807448,18.47726173197871,https://www.moneycontrol.com/news/business/earnings/sell-bosch-target-of-rs-25221-icici-securities-12792224.html
2024-08-09 15:17:00,ICICI Securities,Cummins India,CUMMINSIND,Reduce,3748.55,3280,3370.15,Not reached yet.,20.657958393807448,18.47726173197871,https://www.moneycontrol.com/news/business/earnings/reduce-cummins-india-target-of-rs-3280-icici-securities-12792225.html
2024-08-09 15:17:00,ICICI Securities,Cummins India,CUMMINSIND,Reduce,3748.55,3280,35931.95,Not reached yet.,28.092033985288246,-2.4461139305468356,https://www.moneycontrol.com/news/business/earnings/reduce-cummins-india-target-of-rs-3280-icici-securities-12792225.html
2024-08-09 15:17:00,ICICI Securities,Bosch,BOSCHLTD,Sell,32430.85,25221,35931.95,Not reached yet.,28.092033985288246,-2.4461139305468356,https://www.moneycontrol.com/news/business/earnings/sell-bosch-target-of-rs-25221-icici-securities-12792224.html
2024-09-16 14:43:00,Motilal Oswal,Godrej Agrovet,GODREJAGRO,Buy,806.95,970,736.8,Not reached yet.,23.771851473778224,-5.984432818680629,https://www.moneycontrol.com/news/business/stocks/buy-godrej-agrovet-target-of-rs-970-motilal-oswal-12822788.html
2024-09-17 11:29:00,ICICI Securities,Awfis Space Solutions,AWFIS,Buy,809.95,839,682.65,Not reached yet.,8.048937540244689,-12.086284610431425,https://www.moneycontrol.com/news/business/stocks/buy-awfis-space-solutions-target-of-rs-839-icici-securities-12823451.html
2024-09-17 14:19:00,Motilal Oswal,Dixon Technologies,DIXON,Buy,12412.2,15500,13937.2,Not reached yet.,22.874956894672373,10.485990273059862,https://www.moneycontrol.com/news/business/stocks/buy-dixon-technologies-target-of-rs-15500-motilal-oswal-12823633.html
2024-09-17 14:25:00,Motilal Oswal,MCX,MCX,Buy,5395.85,6500,6487.55,29,25.828776073174275,25.587765571311046,https://www.moneycontrol.com/news/business/stocks/buy-mcx-target-of-rs-6500-motilal-oswal-12823648.html
2024-09-17 14:32:00,Motilal Oswal,Bajaj Auto,BAJAJ-AUTO,Neutral,10855.75,10705,10206.1,Call type not supported.,-3.784794312472478,-8.268845327652997,https://www.moneycontrol.com/news/business/stocks/neutral-bajaj-auto-target-of-rs-10705-motilal-oswal-12823660.html
2024-09-17 14:43:00,Emkay Global Financial,Stovekraft,STOVEKRAFT,Buy,832.2,1350,854.3,Not reached yet.,55.9071486314817,-1.3396466104631046,https://www.moneycontrol.com/news/business/stocks/buy-stovekraft-target-of-rs-1350-emkay-global-financial-12823671.html
2024-09-17 17:57:00,Emkay Global Financial,Emami,EMAMIREAL,Buy,107.6,950,96.86,Not reached yet.,695.3784326858673,-18.90488948425988,https://www.moneycontrol.com/news/business/stocks/buy-emami-target-of-rs-950-emkay-global-financial-12823862.html
2024-09-17 18:03:00,Emkay Global Financial,Go Fashion,GOCOLORS,Buy,1152.0,1600,1199.9,Not reached yet.,37.58115138226062,3.177264714734085,https://www.moneycontrol.com/news/business/stocks/buy-go-fashion-target-of-rs-1600-emkay-global-financial-12823872.html
2024-09-18 10:23:00,ICICI Securities,Delhivery,DELHIVERY,Buy,411.45,600,361.15,Not reached yet.,44.21343588510996,-13.19552938348757,https://www.moneycontrol.com/news/business/stocks/buy-delhivery-target-of-rs-600-icici-securities-3-12824218.html
2024-09-18 10:33:00,Emkay Global Financial,Senco Gold,SENCO,Buy,1190.25,1600,1204.0,Not reached yet.,38.151362086085555,3.9588999697793814,https://www.moneycontrol.com/news/business/stocks/buy-senco-gold-target-of-rs-1600-emkay-global-financial-12824224.html
2024-09-18 10:42:00,Motilal Oswal,InterGlobe Aviation,INDIGO,Neutral,4783.7,4970,4366.1,Call type not supported.,3.2534175426933225,-9.292807578842384,https://www.moneycontrol.com/news/business/stocks/neutral-interglobe-aviation-target-of-rs-4970-motilal-oswal-12824232.html
2024-09-18 11:04:00,Sharekhan,Cholamandalam Investment and Finance Company,CHOLAFIN,Buy,1511.35,1850,1372.2,Not reached yet.,23.333333333333332,-8.519999999999998,https://www.moneycontrol.com/news/business/stocks/buy-cholamandalam-investment-and-finance-company-target-of-rs-1850-sharekhan-12824269.html
2024-09-18 11:10:00,Sharekhan,Transport Corporation of India,TCI,Buy,1080.5,1400,1038.2,Not reached yet.,27.00140608699597,-5.819385857486267,https://www.moneycontrol.com/news/business/stocks/buy-transport-corporation-of-india-target-of-rs-1400-sharekhan-12824276.html
2024-09-18 11:16:00,Sharekhan,Lumax Auto Technologies,LUMAXTECH,Buy,516.7,682,504.4,Not reached yet.,30.914675112774724,-3.176888377003564,https://www.moneycontrol.com/news/business/stocks/buy-lumax-auto-technologies-target-of-rs-682-sharekhan-12824281.html
2024-09-19 11:33:00,Prabhudas Lilladher,Mahanagar Gas,MGL,Hold,1845.45,1864,1497.25,Call type not supported.,1.3980307893162185,-18.552466953163247,https://www.moneycontrol.com/news/business/stocks/hold-mahanagar-gas-target-of-rs-1864-prabhudas-lilladher-12825151.html
2024-09-19 11:50:00,ICICI Securities,Karur Vysya Bank,KARURVYSYA,Buy,218.46,270,214.55,Not reached yet.,23.04046664236238,-2.228399562522779,https://www.moneycontrol.com/news/business/stocks/buy-karur-vysya-bank-target-of-rs-270-icici-securities-2-12825177.html
2024-09-19 12:28:00,Motilal Oswal,Procter and Gamble Hygiene and HealthCare,PRG,Neutral,,17000,,,,,https://www.moneycontrol.com/news/business/stocks/neutral-procter-and-gamble-hygiene-and-healthcare-target-of-rs-17000-motilal-oswal-2-12825218.html
2024-09-19 12:34:00,Motilal Oswal,AU Small Finance Bank,AUBANK,Buy,714.2,830,604.5,Not reached yet.,20.68338785896038,-12.104689203925844,https://www.moneycontrol.com/news/business/stocks/buy-au-small-finance-bank-target-of-rs-830-motilal-oswal-12825230.html
2024-09-19 12:52:00,Emkay Global Financial,Tata Motors,TATAMOTORS,Buy,1038.7,1175,864.3,Not reached yet.,8.750983386551896,-20.005553241704852,https://www.moneycontrol.com/news/business/stocks/buy-tata-motors-target-of-rs-1175-emkay-global-financial-12825247.html
2024-09-19 15:15:00,Emkay Global Financial,SBI Cards,SBICARD,Reduce,802.35,700,691.45,36,8.919393663392098,10.031878212217801,https://www.moneycontrol.com/news/business/stocks/reduce-sbi-cards-target-of-rs-700-emkay-global-financial-12825429.html
2024-09-20 12:24:00,Motilal Oswal,LTIMindtree,LTIM,Buy,6343.35,7400,5903.2,Not reached yet.,20.338900362642896,-4.002081537736008,https://www.moneycontrol.com/news/business/stocks/buy-ltimindtree-target-of-rs-7400-motilal-oswal-12826178.html
2024-09-20 12:37:00,Motilal Oswal,Adani Ports and SEZ,ADANIPORTS,Buy,1453.4,1850,1318.7,Not reached yet.,26.232472450615813,-10.0201289618232,https://www.moneycontrol.com/news/business/stocks/buy-adani-ports-and-sez-target-of-rs-1850-motilal-oswal-2-12826200.html
2024-09-20 13:12:00,Motilal Oswal,IIFL Finance,IIFL,Buy,470.25,600,397.45,Not reached yet.,27.959053103007044,-15.237790573683085,https://www.moneycontrol.com/news/business/stocks/buy-iifl-finance-target-of-rs-600-motilal-oswal-12826226.html
2024-09-20 14:20:00,Motilal Oswal,United Breweries,UBL,Sell,2079.15,1800,1983.6,Not reached yet.,11.338784356221064,2.295340360555617,https://www.moneycontrol.com/news/business/stocks/sell-united-breweries-target-of-rs-1800-motilal-oswal-2-12826284.html
2024-09-23 10:16:00,Asit C Mehta,ITD Cementation India,ITDCEM,Accumulate,480.7,758,533.65,Not reached yet.,56.33701144683923,10.064968546973281,https://www.moneycontrol.com/news/business/stocks/accumulate-itd-cementation-india-target-of-rs-758-asit-c-mehta-12827484.html
2024-09-23 10:33:00,Sharekhan,LTIMindtree,LTIM,Buy,6416.2,7500,5903.2,Not reached yet.,22.01867699215826,-3.9599127973188515,https://www.moneycontrol.com/news/business/stocks/buy-ltimindtree-target-of-rs-7500-sharekhan-12827508.html
2024-09-23 10:55:00,Motilal Oswal,Max Healthcare,MAXHEALTH,Buy,908.0,1240,938.0,Not reached yet.,41.10953058321479,6.742532005689901,https://www.moneycontrol.com/news/business/stocks/buy-max-healthcare-target-of-rs-1240-motilal-oswal-12827530.html
2024-09-23 11:00:00,Motilal Oswal,JK Cement,JKCEMENT,Buy,4766.4,5600,4105.0,Not reached yet.,19.418262464281156,-12.462148675736762,https://www.moneycontrol.com/news/business/stocks/buy-jk-cement-target-of-rs-5600-motilal-oswal-12827536.html
2024-09-23 11:38:00,Prabhudas Lilladher,Mahindra and Mahindra,,Buy,,3326,,,,,https://www.moneycontrol.com/news/business/stocks/buy-mahindra-and-mahindra-target-of-rs-3326-prabhudas-lilladher-12827594.html
2024-09-23 12:00:00,ICICI Securities,NTPC,NTPC,Buy,401.4,495,398.9,Not reached yet.,24.905374716124147,0.6560686348725627,https://www.moneycontrol.com/news/business/stocks/buy-ntpc-target-of-rs-495-icici-securities-12827621.html
2024-09-23 12:07:00,ICICI Securities,Bharat Heavy Electricals,BHEL,Buy,264.3,370,216.85,Not reached yet.,39.88657844990548,-18.015122873345938,https://www.moneycontrol.com/news/business/stocks/buy-bharat-heavy-electricals-target-of-rs-370-icici-securities-2-12827634.html
2024-09-23 12:21:00,ICICI Securities,Cera Sanitaryware,CERA,Hold,8452.9,8637,6992.15,Call type not supported.,-0.16817795655112983,-19.18037808254012,https://www.moneycontrol.com/news/business/stocks/hold-cera-sanitaryware-target-of-rs-8637-icici-securities-12827648.html
2024-09-23 12:52:00,Axis Capital,Mahindra and Mahindra Financial Services,,Buy,,380,,,,,https://www.moneycontrol.com/news/business/stocks/buy-mahindra-and-mahindra-financial-services-target-of-rs-380-axis-capital-12827693.html
2024-09-24 11:32:00,KR Choksey,Pitti Engineering,PITTIENG,Buy,1286.5,1552,1256.4,Not reached yet.,20.79701120797012,-2.210460772104597,https://www.moneycontrol.com/news/business/stocks/buy-pitti-engineering-target-of-rs-1552-kr-choksey-2-12828398.html
2024-09-24 11:39:00,ICICI Securities,Vodafone Idea,IDEA,Hold,13.24,11,7.66,Call type not supported.,-16.286149162861495,-41.70471841704719,https://www.moneycontrol.com/news/business/stocks/hold-vodafone-idea-target-of-rs-11-icici-securities-12828404.html
2024-09-24 11:45:00,ICICI Securities,Vedant Fashions,MANYAVAR,Buy,1291.3,1600,1269.35,Not reached yet.,26.148145228052204,0.07884259076753262,https://www.moneycontrol.com/news/business/stocks/buy-vedant-fashions-target-of-rs-1600-icici-securities-12828410.html
2024-09-24 11:52:00,Motilal Oswal,ICICI Lombard,ICICIGI,Buy,2094.9,2650,1929.15,Not reached yet.,24.41606610483815,-9.427451348623194,https://www.moneycontrol.com/news/business/stocks/buy-icici-lombard-target-of-rs-2650-motilal-oswal-12828423.html
2024-09-24 11:59:00,Motilal Oswal,Bharat Forge,BHARATFORG,Neutral,1601.2,1470,1400.2,Call type not supported.,-5.871806364858811,-10.341294742908369,https://www.moneycontrol.com/news/business/stocks/neutral-bharat-forge-target-of-rs-1470-motilal-oswal-12828433.html
2024-09-24 12:22:00,Emkay Global Financial,Fusion Finance,FUSION,Reduce,308.55,260,190.49,9,16.34491634491635,38.709781209781205,https://www.moneycontrol.com/news/business/stocks/reduce-fusion-finance-target-of-rs-260-emkay-global-financial-12828455.html
2024-09-24 14:04:00,Emkay Global Financial,GMR Power and Urban Infra,GMRP&UI,Buy,142.32,180,114.91,Not reached yet.,29.10629751829007,-17.57997417874049,https://www.moneycontrol.com/news/business/stocks/buy-gmr-power-and-urban-infra-target-of-rs-180-emkay-global-financial-12828565.html
2024-09-24 14:14:00,Emkay Global Financial,Aarti Industries,AARTIIND,Buy,572.0,675,488.6,Not reached yet.,18.286164899675814,-14.378340488916141,https://www.moneycontrol.com/news/business/stocks/buy-aarti-industries-target-of-rs-675-emkay-global-financial-12828603.html
2024-09-24 14:24:00,Anand Rathi,United Breweries,UBL,Buy,2115.0,2350,1983.6,Not reached yet.,12.923764445832623,-4.6827322745729445,https://www.moneycontrol.com/news/business/stocks/buy-united-breweries-target-of-rs-2350-anand-rathi-12828617.html
2024-09-25 11:24:00,Sharekhan,Affle (India),AFFLE,Buy,1568.9,1820,1464.55,Not reached yet.,16.74150096215523,-6.058370750481081,https://www.moneycontrol.com/news/business/stocks/buy-affle-india-target-of-rs-1820-sharekhan-12829158.html
2024-09-25 11:42:00,Motilal Oswal,SBI Cards,SBICARD,Neutral,792.45,850,691.45,Call type not supported.,5.9520099719538795,-13.811156123402924,https://www.moneycontrol.com/news/business/stocks/neutral-sbi-cards-target-of-rs-850-motilal-oswal-3-12829173.html
2024-09-25 13:49:00,Motilal Oswal,Gravita India,GRAVITA,Buy,2664.65,2900,1991.6,Not reached yet.,24.423468840501986,-14.551110157674572,https://www.moneycontrol.com/news/business/stocks/buy-gravita-india-target-of-rs-2900-motilal-oswal-12829308.html
2024-09-25 14:02:00,Motilal Oswal,Piramal Pharma,PPLPHARMA,Buy,232.5,260,244.43,Not reached yet.,11.746250053724165,5.05436884858384,https://www.moneycontrol.com/news/business/stocks/buy-piramal-pharma-target-of-rs-260-motilal-oswal-12829323.html
2024-09-26 10:22:00,Motilal Oswal,NOCIL,NOCIL,Neutral,281.55,305,264.95,Call type not supported.,6.4200976971388615,-7.554082344731344,https://www.moneycontrol.com/news/business/stocks/neutral-nocil-target-of-rs-305-motilal-oswal-12829863.html
2024-09-26 10:30:00,Prabhudas Lilladher,Metro Brands,METROBRAND,Hold,1232.05,1268,1176.35,Call type not supported.,0.8389995626068595,-6.449560618712484,https://www.moneycontrol.com/news/business/stocks/hold-metro-brands-target-of-rs-1268-prabhudas-lilladher-12829871.html
2024-09-26 10:49:00,CD Equisearch,Deepak Nitrite,DEEPAKNTR,Hold,2886.2,2596,2671.4,Call type not supported.,-11.426524275819718,-8.853935651165171,https://www.moneycontrol.com/news/business/stocks/hold-deepak-nitrite-target-of-rs-2596-cd-equisearch-12829884.html
2024-09-26 12:56:00,Sharekhan,Bajaj Finance,BAJFINANCE,Buy,7631.1,9940,6910.15,Not reached yet.,30.8152924919392,-9.059024807527805,https://www.moneycontrol.com/news/business/stocks/buy-bajaj-finance-target-of-rs-9940-sharekhan-12830021.html
2024-09-26 13:56:00,Sharekhan,Bajaj Finserv,BAJAJFINSV,Buy,1888.2,2350,1707.4,Not reached yet.,24.046557048219796,-9.873578083348725,https://www.moneycontrol.com/news/business/stocks/buy-bajaj-finserv-target-of-rs-2350-sharekhan-12830109.html
2024-09-26 14:03:00,Sharekhan,Radico Khaitan,RADICO,Buy,2255.3,2489,2268.5,Not reached yet.,22.321604088853945,11.485158246510716,https://www.moneycontrol.com/news/business/stocks/buy-radico-khaitan-target-of-rs-2489-sharekhan-12830120.html
2024-09-26 14:12:00,Motilal Oswal,CAMS,PRECAM,Buy,251.88,5100,268.9,Not reached yet.,1821.410541385676,1.3073126624722038,https://www.moneycontrol.com/news/business/stocks/buy-cams-target-of-rs-5100-motilal-oswal-12830131.html
2024-09-27 10:42:00,Cholamandalam securities,Narayana Hrudayalaya,NH,Buy,1250.2,2145,1236.7,Not reached yet.,65.8099176747961,-4.40227263943107,https://www.moneycontrol.com/news/business/stocks/buy-narayana-hrudayalaya-target-of-rs-2145-cholamandalam-securities-12830652.html
2024-09-27 10:55:00,Prabhudas Lilladher,Crompton Greaves Consumer Electricals,CROMPTON,Buy,450.0,536,391.95,Not reached yet.,19.669569100245596,-12.491627595445411,https://www.moneycontrol.com/news/business/stocks/buy-crompton-greaves-consumer-electricals-target-of-rs-536-prabhudas-lilladher-12830664.html
2024-09-27 11:47:00,Anand Rathi,Crompton Greaves Consumer,CROMPTON,Buy,450.0,552,391.95,Not reached yet.,23.24179504353651,-12.491627595445411,https://www.moneycontrol.com/news/business/stocks/buy-crompton-greaves-consumer-target-of-rs-552-anand-rathi-12830735.html
2024-09-27 13:39:00,Sharekhan,Amber Enterprises India,AMBER,Buy,4390.0,5500,6171.2,24,20.647107211406635,35.370441458733204,https://www.moneycontrol.com/news/business/stocks/buy-amber-enterprises-india-target-of-rs-5500-sharekhan-12830836.html
2024-09-27 15:18:00,Sharekhan,Tata Power Company,TATAPOWER,Buy,439.6,540,422.1,Not reached yet.,21.79993233337092,-4.793052892748393,https://www.moneycontrol.com/news/business/stocks/buy-tata-power-company-target-of-rs-540-sharekhan-12830852.html
2024-09-30 11:23:00,Motilal Oswal,Bank of Baroda,BANKBARODA,Buy,243.6,290,239.52,Not reached yet.,22.959508161967353,1.556073775704904,https://www.moneycontrol.com/news/business/stocks/buy-bank-of-baroda-target-of-rs-290-motilal-oswal-2-12832189.html
2024-09-30 12:27:00,Emkay Global Financial,Navin Fluorine,NAVINFLUOR,Reduce,3383.05,3500,3301.75,0,-7.849934519682614,-1.7410060858177336,https://www.moneycontrol.com/news/business/stocks/reduce-navin-fluorine-target-of-rs-3500-emkay-global-financial-12832253.html
2024-09-30 12:48:00,Sharekhan,Larsen and Toubro,LTO,Buy,,4550,,,,,https://www.moneycontrol.com/news/business/stocks/buy-larsen-and-toubro-target-of-rs-4550-sharekhan-12832297.html
2024-09-30 13:37:00,Sharekhan,Amber Enterprises India,AMBER,Buy,4723.05,5500,6171.2,21,25.28473804100228,40.57403189066059,https://www.moneycontrol.com/news/business/stocks/buy-amber-enterprises-india-target-of-rs-5500-sharekhan-2-12832411.html
2024-09-30 15:15:00,Sharekhan,Tata Power Company,TATAPOWER,Buy,468.75,540,422.1,Not reached yet.,22.838944494995445,-3.9808917197452227,https://www.moneycontrol.com/news/business/stocks/buy-tata-power-company-target-of-rs-540-sharekhan-2-12832485.html
2024-10-01 08:58:00,Prabhudas Lilladher,Nazara Technologies,NAZARA,Buy,1006.2,1185,857.45,Not reached yet.,14.769975786924938,-16.95399515738498,https://www.moneycontrol.com/news/business/stocks/buy-nazara-technologies-target-of-rs-1185-prabhudas-lilladher-12833019.html
2024-10-01 11:14:00,Motilal Oswal,Jindal Steel and Power,,Buy,,1200,,,,,https://www.moneycontrol.com/news/business/stocks/buy-jindal-steel-and-power-target-of-rs-1200-motilal-oswal-12833139.html
2024-10-01 12:10:00,Sharekhan,Ipca Laboratories,IPCALAB,Buy,1498.45,1734,1582.85,Not reached yet.,20.865716376816636,10.330045655734835,https://www.moneycontrol.com/news/business/stocks/buy-ipca-laboratories-target-of-rs-1734-sharekhan-12833218.html
2024-10-01 12:27:00,Sharekhan,ICICI Prudential Life Insurance Company,0P0000NQXO,Buy,,920,,,,,https://www.moneycontrol.com/news/business/stocks/buy-icici-prudential-life-insurance-company-target-of-rs-920-sharekhan-12833246.html
2024-10-01 12:32:00,ICICI Securities,Adani Energy Solutions,ADANIENSOL,Buy,1044.2,1318,919.35,Not reached yet.,30.86432011120489,-8.717668669016527,https://www.moneycontrol.com/news/business/stocks/buy-adani-energy-solutions-target-of-rs-1318-icici-securities-12833256.html
2024-10-03 12:01:00,Emkay Global Financial,Mahindra Finance,,Reduce,,270,,,,,https://www.moneycontrol.com/news/business/stocks/reduce-mahindra-finance-target-of-rs-270-emkay-global-financial-2-12834612.html
2024-10-03 12:48:00,Emkay Global Financial,Coal India,COALINDIA,Buy,516.1,600,461.1,Not reached yet.,18.9767995240928,-8.566329565734678,https://www.moneycontrol.com/news/business/stocks/buy-coal-india-target-of-rs-600-emkay-global-financial-12834657.html
2024-10-03 13:08:00,Emkay Global Financial,Petronet LNG,PETRONET,Buy,339.35,425,337.55,Not reached yet.,28.905065210797698,2.3809523809523876,https://www.moneycontrol.com/news/business/stocks/buy-petronet-lng-target-of-rs-425-emkay-global-financial-12834673.html
2024-10-03 13:57:00,Sharekhan,Kalpataru Projects International,KPIL,Buy,1407.55,1570,1183.65,Not reached yet.,20.186787108627424,-9.389114292275885,https://www.moneycontrol.com/news/business/stocks/buy-kalpataru-projects-international-target-of-rs-1570-sharekhan-12834729.html
2024-10-04 11:51:00,Motilal Oswal,Fine Organic Industries,FINEORG,Sell,5244.3,4095,4624.65,Not reached yet.,22.38658870577978,12.348018915307565,https://www.moneycontrol.com/news/business/stocks/sell-fine-organic-industries-target-of-rs-4095-motilal-oswal-12835387.html
2024-10-04 12:33:00,Sharekhan,Indian Hotels Company,INDHOTEL,Buy,684.7,774,691.25,Not reached yet.,9.021762095922242,-2.633988309035854,https://www.moneycontrol.com/news/business/stocks/buy-indian-hotels-company-target-of-rs-774-sharekhan-12835425.html
2024-10-04 14:02:00,Sharekhan,Zydus Lifesciences,ZYDUSLIFE,Buy,1068.55,1268,990.6,Not reached yet.,19.234566740326294,-6.850345573369696,https://www.moneycontrol.com/news/business/stocks/buy-zydus-lifesciences-target-of-rs-1268-sharekhan-12835509.html
2024-10-07 11:29:00,Sharekhan,HDFC Bank,HDB,Buy,,1900,,,,,https://www.moneycontrol.com/news/business/stocks/buy-hdfc-bank-target-of-rs-1900-sharekhan-6-12836987.html
2024-10-07 12:01:00,Motilal Oswal,Kaynes Technologies,,Buy,,6400,,,,,https://www.moneycontrol.com/news/business/stocks/buy-kaynes-technologies-target-of-rs-6400-motilal-oswal-12837028.html
2024-10-07 12:08:00,Motilal Oswal,Amber Enterprises,AMBER,Buy,4918.9,5500,6171.2,14,14.366513484851625,28.32338691231206,https://www.moneycontrol.com/news/business/stocks/buy-amber-enterprises-target-of-rs-5500-motilal-oswal-12837034.html
2024-10-07 12:15:00,Motilal Oswal,Gujarat State Petronet,GSPL,Neutral,428.35,472,387.2,Call type not supported.,11.045759322432652,-8.904834725326436,https://www.moneycontrol.com/news/business/stocks/neutral-gujarat-state-petronet-target-of-rs-472-motilal-oswal-12837053.html
2024-10-07 12:55:00,Emkay Global Financial,Titan Company,TITAN,Buy,3670.1,4400,3266.55,Not reached yet.,15.064266007662239,-14.57655042560702,https://www.moneycontrol.com/news/business/stocks/buy-titan-company-target-of-rs-4400-emkay-global-financial-12837101.html
2024-10-07 13:21:00,ICICI Securities,Vedanta,VEDL,Buy,508.7,600,455.4,Not reached yet.,17.0389154393836,-11.167463181507852,https://www.moneycontrol.com/news/business/stocks/buy-vedanta-target-of-rs-600-icici-securities-12837131.html
2024-10-07 14:51:00,ICICI Securities,SignatureGlobal India,SIGNATURE,Buy,1536.05,1905,1370.35,Not reached yet.,19.230167422938507,-14.232514473478334,https://www.moneycontrol.com/news/business/stocks/buy-signatureglobal-india-target-of-rs-1905-icici-securities-12837246.html
2024-10-08 12:13:00,Motilal Oswal,Tata Motors,TATAMOTORS,Neutral,927.85,990,864.3,Call type not supported.,2.569415665147115,-10.453791960215508,https://www.moneycontrol.com/news/business/stocks/neutral-tata-motors-target-of-rs-990-motilal-oswal-12837893.html
2024-10-08 12:21:00,Motilal Oswal,Zomato,ZOMATO,Buy,266.1,320,253.8,Not reached yet.,16.724420937443014,-7.422943643990504,https://www.moneycontrol.com/news/business/stocks/buy-zomato-target-of-rs-320-motilal-oswal-12837915.html
2024-10-08 13:53:00,Emkay Global Financial,Tata Motors,TATAMOTORS,Buy,927.85,1175,864.3,Not reached yet.,21.736427683381677,-10.453791960215508,https://www.moneycontrol.com/news/business/stocks/buy-tata-motors-target-of-rs-1175-emkay-global-financial-2-12837994.html
2024-10-08 13:59:00,Emkay Global Financial,Genus Power Infra,GENUSPOWER,Buy,362.45,500,390.0,Not reached yet.,25.42330364981814,-2.169823153141848,https://www.moneycontrol.com/news/business/stocks/buy-genus-power-infra-target-of-rs-500-emkay-global-financial-12838006.html
2024-10-08 14:33:00,Emkay Global Financial,PVR INOX,PVRINOX,Buy,1548.85,1850,1489.55,Not reached yet.,12.301575257231317,-9.579020851670863,https://www.moneycontrol.com/news/business/stocks/buy-pvr-inox-target-of-rs-1850-emkay-global-financial-12838047.html
2024-10-09 10:36:00,ICICI Securities,Eureka Forbes,EUREKAFORB,Buy,554.6,660,530.45,Not reached yet.,14.206610140162661,-8.210763107804107,https://www.moneycontrol.com/news/business/stocks/buy-eureka-forbes-target-of-rs-660-icici-securities-12838486.html
2024-10-09 12:04:00,Motilal Oswal,Avalon Technologies,AVALON,Buy,548.7,690,587.35,Not reached yet.,23.20328542094457,4.874564771002602,https://www.moneycontrol.com/news/business/stocks/buy-avalon-technologies-target-of-rs-690-motilal-oswal-12838644.html
2024-10-09 12:27:00,Motilal Oswal,Clean Science and Technology,CLEAN,Neutral,1541.3,1580,1490.15,Call type not supported.,-0.8938372275364592,-6.529716167476864,https://www.moneycontrol.com/news/business/stocks/neutral-clean-science-and-technology-target-of-rs-1580-motilal-oswal-12838678.html
2024-10-10 14:57:00,Motilal Oswal,Oil India,OIL,Buy,574.35,720,485.35,Not reached yet.,25.70929725010912,-15.259711916193798,https://www.moneycontrol.com/news/business/stocks/buy-oil-india-target-of-rs-720-motilal-oswal-12839534.html
2024-10-11 09:58:00,Prabhudas Lilladher,Tata Consultancy Services,TCS,Buy,4227.4,4920,4057.55,Not reached yet.,15.703451114116056,-4.578752425186662,https://www.moneycontrol.com/news/business/stocks/buy-tata-consultancy-services-target-of-rs-4920-prabhudas-lilladher-12839983.html
2024-10-11 10:41:00,Geojit Financial Services,Muthoot Finance,MUTHOOTFIN,Accumulate,1943.4,2140,1923.55,Not reached yet.,13.708820403825717,2.2077577045696044,https://www.moneycontrol.com/news/business/stocks/accumulate-muthoot-finance-target-of-rs-2140-geojit-financial-services-12840027.html
2024-10-11 10:54:00,ICICI Securities,Tata Elxsi,TATAELXSI,Hold,7759.3,7590,6990.65,Call type not supported.,2.1444961073392013,-5.921420064193577,https://www.moneycontrol.com/news/business/stocks/hold-tata-elxsi-target-of-rs-7590-icici-securities-12840045.html
2024-10-11 11:54:00,Emkay Global Financial,TCS,TCS,Reduce,4227.4,4500,4057.55,0,-5.316123898568862,5.0387914389693105,https://www.moneycontrol.com/news/business/stocks/reduce-tcs-target-of-rs-4500-emkay-global-financial-12840107.html
2024-10-11 11:59:00,Sharekhan,Tata Consultancy Services,TCS,Buy,4227.4,5230,4057.55,Not reached yet.,22.400739553225588,-5.0387914389693105,https://www.moneycontrol.com/news/business/stocks/buy-tata-consultancy-services-target-of-rs-5230-sharekhan-2-12840112.html
2024-10-11 12:09:00,Motilal Oswal,TCS,TCS,Buy,4227.4,5400,4057.55,Not reached yet.,26.379348678282632,-5.0387914389693105,https://www.moneycontrol.com/news/business/stocks/buy-tcs-target-of-rs-5400-motilal-oswal-12840121.html
2024-10-11 13:35:00,Motilal Oswal,Blue Dart Express,BLUEDART,Buy,8539.1,9900,7719.55,Not reached yet.,14.588638362887165,-10.649219871290338,https://www.moneycontrol.com/news/business/stocks/buy-blue-dart-express-target-of-rs-9900-motilal-oswal-12840195.html
2024-10-11 13:35:00,Motilal Oswal,Blue Dart Express,BLUEDART,Buy,8639.6,9900,7719.55,Not reached yet.,14.588638362887165,-10.649219871290338,https://www.moneycontrol.com/news/business/stocks/buy-blue-dart-express-target-of-rs-9900-motilal-oswal-12840195.html
2024-10-14 10:26:00,Sharekhan,Tata Motors,TATAMOTORS,Buy,939.15,1319,864.3,Not reached yet.,40.44614811265506,-7.969972847787895,https://www.moneycontrol.com/news/business/stocks/buy-tata-motors-target-of-rs-1319-sharekhan-12841307.html
2024-10-14 11:53:00,LKP Research,Sudarshan Chemical Industries,SUDARSCHEM,Hold,1014.6,1117,942.6,Call type not supported.,10.092647348708848,-7.09639266706091,https://www.moneycontrol.com/news/business/stocks/hold-sudarshan-chemical-industries-target-of-rs-1117-lkp-research-12841409.html
2024-10-14 11:59:00,Prabhudas Lilladher,Avenue Supermarts,DMART,Hold,,4748,4052.2,Call type not supported.,3.049376017362995,-12.052088985349977,https://www.moneycontrol.com/news/business/stocks/hold-avenue-supermarts-target-of-rs-4748-prabhudas-lilladher-12841420.html
2024-10-14 12:50:00,ICICI Securities,Avenue Supermarts,DMART,Reduce,4607.5,4100,4052.2,5,11.01465002712968,12.052088985349977,https://www.moneycontrol.com/news/business/stocks/reduce-avenue-supermarts-target-of-rs-4100-icici-securities-12841486.html
2024-10-14 12:59:00,ICICI Securities,Skipper,SKIPPER,Buy,534.8,635,504.15,Not reached yet.,18.735976065819006,-5.7311144353029135,https://www.moneycontrol.com/news/business/stocks/buy-skipper-target-of-rs-635-icici-securities-12841498.html
2024-10-14 13:20:00,Motilal Oswal,IPCA Laboratories,IPCALAB,Buy,1590.05,1950,1582.85,Not reached yet.,22.637652903996734,-0.45281594918399076,https://www.moneycontrol.com/news/business/stocks/buy-ipca-laboratories-target-of-rs-1950-motilal-oswal-12841507.html
2024-10-14 13:32:00,Motilal Oswal,Federal Bank,FEDERALBNK,Buy,185.68,230,186.24,Not reached yet.,23.86902197328737,0.3015941404567009,https://www.moneycontrol.com/news/business/stocks/buy-federal-bank-target-of-rs-230-motilal-oswal-2-12841535.html
2024-10-14 15:23:00,Motilal Oswal,CIE Automotive India,CIEINDIA,Buy,544.9,650,496.05,Not reached yet.,19.28794274178749,-8.9649476968251,https://www.moneycontrol.com/news/business/stocks/buy-cie-automotive-india-target-of-rs-650-motilal-oswal-12841648.html
2024-10-15 10:35:00,ICICI Securities,HCL Technologies,HCLTECH,Reduce,1808.65,1710,1852.35,Not reached yet.,5.45434440051973,-2.41616675420893,https://www.moneycontrol.com/news/business/stocks/reduce-hcl-technologies-target-of-rs-1710-icici-securities-12842118.html
2024-10-15 11:27:00,Anand Rathi,Tata Consultancy Services,TCS,Hold,4149.2,4432,4057.55,Call type not supported.,6.815771715029408,-2.2088595391882686,https://www.moneycontrol.com/news/business/stocks/hold-tata-consultancy-services-target-of-rs-4432-anand-rathi-12842183.html
2024-10-15 12:05:00,KR Choksey,Tata Elxsi,TATAELXSI,Reduce,7675.15,7359,6990.65,5,4.119137736721753,8.918392474414182,https://www.moneycontrol.com/news/business/stocks/reduce-tata-elxsi-target-of-rs-7359-kr-choksey-12842246.html
2024-10-15 12:12:00,Prabhudas Lilladher,HCL Technologies,HCLTECH,Buy,1839.65,2130,1852.35,Not reached yet.,15.782893485173805,0.6903487076345945,https://www.moneycontrol.com/news/business/stocks/buy-hcl-technologies-target-of-rs-2130-prabhudas-lilladher-12842274.html
2024-10-15 12:17:00,Sharekhan,HCL Technologies,HCLTECH,Buy,1839.65,2120,1852.35,Not reached yet.,15.239311825618998,0.6903487076345945,https://www.moneycontrol.com/news/business/stocks/buy-hcl-technologies-target-of-rs-2120-sharekhan-12842283.html
2024-10-15 12:51:00,Motilal Oswal,Dabur India,DABUR,Buy,570.85,700,538.7,Not reached yet.,22.624156958920903,-5.631952351756149,https://www.moneycontrol.com/news/business/stocks/buy-dabur-india-target-of-rs-700-motilal-oswal-12842307.html
2024-10-15 15:21:00,Motilal Oswal,HCL Technologies,HCLTECH,Buy,1839.65,2300,1852.35,Not reached yet.,25.023781697605518,0.6903487076345945,https://www.moneycontrol.com/news/business/stocks/buy-hcl-technologies-target-of-rs-2300-motilal-oswal-12842485.html
2024-10-16 09:08:00,KR Choksey,HCL Technologies,HCLTECH,Hold,1839.65,1887,1852.35,Call type not supported.,2.5738591579920045,0.6903487076345945,https://www.moneycontrol.com/news/business/stocks/hold-hcl-technologies-target-of-rs-1887-kr-choksey-12842948.html
2024-10-16 10:48:00,Prabhudas Lilladher,HDFC Asset Management Company,HDFCAMC,Buy,4482.05,5360,4342.25,Not reached yet.,19.588134893631256,-3.119108443680909,https://www.moneycontrol.com/news/business/stocks/buy-hdfc-asset-management-company-target-of-rs-5360-prabhudas-lilladher-12843023.html
2024-10-16 10:55:00,Prabhudas Lilladher,PVR Inox,PVRINOX,Hold,1590.0,1598,1489.55,Call type not supported.,0.5031446540880503,-6.317610062893085,https://www.moneycontrol.com/news/business/stocks/hold-pvr-inox-target-of-rs-1598-prabhudas-lilladher-12843034.html
2024-10-16 11:10:00,LKP Research,SJS Enterprises,SJS,Buy,1046.95,1300,1011.55,Not reached yet.,24.17020870146616,-3.3812502984860875,https://www.moneycontrol.com/news/business/stocks/buy-sjs-enterprises-target-of-rs-1300-lkp-research-12843050.html
2024-10-16 11:29:00,Sharekhan,HDFC Life Insurance Company,HDFCLIFE,Buy,740.6,870,709.45,Not reached yet.,17.472319740750738,-4.206049149338371,https://www.moneycontrol.com/news/business/stocks/buy-hdfc-life-insurance-company-target-of-rs-870-sharekhan-2-12843069.html
2024-10-16 11:36:00,Sharekhan,PVR Inox,PVRINOX,Hold,1590.0,1780,1489.55,Call type not supported.,11.949685534591195,-6.317610062893085,https://www.moneycontrol.com/news/business/stocks/hold-pvr-inox-target-of-rs-1780-sharekhan-12843077.html
2024-10-16 11:58:00,ICICI Securities,PVR Inox,PVRINOX,Buy,1590.0,2250,1489.55,Not reached yet.,41.509433962264154,-6.317610062893085,https://www.moneycontrol.com/news/business/stocks/buy-pvr-inox-target-of-rs-2250-icici-securities-2-12843095.html
2024-10-16 12:11:00,ICICI Securities,Angel One,ANGELONE,Buy,2723.05,3700,2798.8,Not reached yet.,35.87704963184664,2.7818071647601035,https://www.moneycontrol.com/news/business/stocks/buy-angel-one-target-of-rs-3700-icici-securities-12843105.html
2024-10-16 12:47:00,ICICI Securities,Newgen Software Technologies,NEWGEN,Hold,1350.85,1260,1225.95,Call type not supported.,-6.725395121590104,-9.246030277232844,https://www.moneycontrol.com/news/business/stocks/hold-newgen-software-technologies-target-of-rs-1260-icici-securities-12843142.html
2024-10-16 12:52:00,Motilal Oswal,Angel One,ANGELONE,Buy,2723.05,4100,2798.8,Not reached yet.,50.56646040285708,2.7818071647601035,https://www.moneycontrol.com/news/business/stocks/buy-angel-one-target-of-rs-4100-motilal-oswal-12843167.html
2024-10-16 13:59:00,Emkay Global Financial,PVR INOX,PVRINOX,Buy,1590.0,1850,1489.55,Not reached yet.,16.352201257861633,-6.317610062893085,https://www.moneycontrol.com/news/business/stocks/buy-pvr-inox-target-of-rs-1850-emkay-global-financial-2-12843257.html
2024-10-16 14:12:00,Emkay Global Financial,HDFC Life Insurance,HDFCLIFE,Buy,740.6,825,709.45,Not reached yet.,11.396165271401564,-4.206049149338371,https://www.moneycontrol.com/news/business/stocks/buy-hdfc-life-insurance-target-of-rs-825-emkay-global-financial-12843284.html
2024-10-16 14:18:00,Emkay Global Financial,Gopal Snacks,GOPAL,Buy,438.6,600,449.5,Not reached yet.,36.79890560875512,2.4851801185590463,https://www.moneycontrol.com/news/business/stocks/buy-gopal-snacks-target-of-rs-600-emkay-global-financial-12843290.html
2024-10-16 15:29:00,Anand Rathi,HCL Technologies,HCLTECH,Hold,1855.9,2020,1852.35,Call type not supported.,8.842071232286216,-0.19128185785873061,https://www.moneycontrol.com/news/business/stocks/hold-hcl-technologies-target-of-rs-2020-anand-rathi-12843309.html
2024-10-17 09:16:00,Prabhudas Lilladher,Deepak Nitrite,DEEPAKNTR,Reduce,2848.25,2582,2671.4,Not reached yet.,9.347845168085666,6.209075748266477,https://www.moneycontrol.com/news/business/stocks/reduce-deepak-nitrite-target-of-rs-2582-prabhudas-lilladher-12843773.html
2024-10-17 09:36:00,Geojit Financial Services,Tata Consultancy Services,TCS,Buy,4136.65,4634,4057.55,Not reached yet.,12.023013791352916,-1.9121753109399988,https://www.moneycontrol.com/news/business/stocks/buy-tata-consultancy-services-target-of-rs-4634-geojit-financial-services-12843792.html
2024-10-17 10:49:00,Anand Rathi,Sterling and Wilson,SWSOLAR,Buy,582.55,870,558.75,Not reached yet.,49.343403999656694,-4.085486224358417,https://www.moneycontrol.com/news/business/stocks/buy-sterling-and-wilson-target-of-rs-870-anand-rathi-2-12843842.html
2024-10-17 11:04:00,KR Choksey,Cyient DLM,CYIENTDLM,Buy,713.4,842,613.9,Not reached yet.,18.02635267731988,-13.947294645360248,https://www.moneycontrol.com/news/business/stocks/buy-cyient-dlm-target-of-rs-842-kr-choksey-12843860.html
2024-10-17 11:35:00,Emkay Global Financial,Larsen and Toubro Technology Services,LTO,Reduce,,5000,,,,,https://www.moneycontrol.com/news/business/stocks/reduce-larsen-and-toubro-technology-services-target-of-rs-5000-emkay-global-financial-12843890.html
2024-10-17 11:52:00,Emkay Global Financial,Bajaj Auto,BAJAJ-AUTO,Sell,11521.5,9500,10206.1,Not reached yet.,17.54545849064792,11.416916200147547,https://www.moneycontrol.com/news/business/stocks/sell-bajaj-auto-target-of-rs-9500-emkay-global-financial-12843912.html
2024-10-17 12:23:00,Prabhudas Lilladher,Bajaj Auto,BAJAJ-AUTO,Hold,11521.5,11859,10206.1,Call type not supported.,2.929306079937508,-11.416916200147547,https://www.moneycontrol.com/news/business/stocks/hold-bajaj-auto-target-of-rs-11859-prabhudas-lilladher-12843942.html
2024-10-17 12:36:00,Sharekhan,Bajaj Auto,BAJAJ-AUTO,Hold,11521.5,12584,10206.1,Call type not supported.,9.221889510914377,-11.416916200147547,https://www.moneycontrol.com/news/business/stocks/hold-bajaj-auto-target-of-rs-12584-sharekhan-12843958.html
2024-10-17 12:41:00,Sharekhan,KEI Industries,KEI,Hold,4690.65,4800,3851.25,Call type not supported.,2.331233411147717,-17.89517444277445,https://www.moneycontrol.com/news/business/stocks/hold-kei-industries-target-of-rs-4800-sharekhan-12843964.html
2024-10-17 12:47:00,Sharekhan,Larsen and Toubro Technology Services,LTTS,Buy,5318.6,6500,5170.3,Not reached yet.,22.212612341593644,-2.7883277554243633,https://www.moneycontrol.com/news/business/stocks/buy-larsen-and-toubro-technology-services-target-of-rs-6500-sharekhan-12843975.html
2024-10-17 12:57:00,Motilal Oswal,Larsen and Toubro Technology Services,LTTS,Buy,5318.6,6400,5170.3,Not reached yet.,20.332418305569128,-2.7883277554243633,https://www.moneycontrol.com/news/business/stocks/buy-larsen-and-toubro-technology-services-target-of-rs-6400-motilal-oswal-12843980.html
2024-10-17 13:15:00,Motilal Oswal,KEI Industries,KEI,Buy,4690.65,5100,3851.25,Not reached yet.,8.72693549934445,-17.89517444277445,https://www.moneycontrol.com/news/business/stocks/buy-kei-industries-target-of-rs-5100-motilal-oswal-12844001.html
2024-10-17 13:21:00,Motilal Oswal,Vinati Organics,VINATIORGA,Buy,1998.3,2500,1929.75,Not reached yet.,25.106340389330935,-3.430415853475452,https://www.moneycontrol.com/news/business/stocks/buy-vinati-organics-target-of-rs-2500-motilal-oswal-2-12844010.html
2024-10-17 13:29:00,Motilal Oswal,Bajaj Auto,BAJAJ-AUTO,Neutral,11521.5,11450,10206.1,Call type not supported.,-0.6205789176756499,-11.416916200147547,https://www.moneycontrol.com/news/business/stocks/neutral-bajaj-auto-target-of-rs-11450-motilal-oswal-12844024.html
2024-10-18 09:05:00,LKP Research,Bajaj Auto,BAJAJ-AUTO,Buy,11521.5,11940,10206.1,Not reached yet.,3.63233953912251,-11.416916200147547,https://www.moneycontrol.com/news/business/stocks/buy-bajaj-auto-target-of-rs-11940-lkp-research-12844569.html
2024-10-18 09:10:00,Sharekhan,Infosys,INFY,Buy,1959.3,2270,1862.05,Not reached yet.,15.857704282141583,-4.963507375082938,https://www.moneycontrol.com/news/business/stocks/buy-infosys-target-of-rs-2270-sharekhan-12844575.html
2024-10-18 09:13:00,Sharekhan,Axis Bank,AXISBANK,Buy,,1400,1189.35,Not reached yet.,21.332928890237042,3.0766564111452963,https://www.moneycontrol.com/news/business/stocks/buy-axis-bank-target-of-rs-1400-sharekhan-12844577.html
2024-10-18 11:00:00,KR Choksey,HDFC Asset Management Co,HDFCAMC,Accumulate,4827.9,5388,4342.25,Not reached yet.,11.601317342944146,-10.05923900660742,https://www.moneycontrol.com/news/business/stocks/accumulate-hdfc-asset-management-co-target-of-rs-5388-kr-choksey-12844654.html
2024-10-18 11:02:00,KR Choksey,HDFC Life Insurance Co,HDFCLIFE,Buy,726.8,845,709.45,Not reached yet.,16.2630709961475,-2.3871766648321286,https://www.moneycontrol.com/news/business/stocks/buy-hdfc-life-insurance-co-target-of-rs-845-kr-choksey-12844649.html
2024-10-18 11:24:00,Anand Rathi,Axis Bank,AXISBANK,Buy,1153.2,1300,1189.35,Not reached yet.,12.72979535206382,3.1347554630593013,https://www.moneycontrol.com/news/business/stocks/buy-axis-bank-target-of-rs-1300-anand-rathi-12844685.html
2024-10-18 11:33:00,Asit C Mehta,Karur Vysya Bank,KARURVYSYA,Buy,204.28,265,214.55,Not reached yet.,29.723908361073036,5.0274133542197035,https://www.moneycontrol.com/news/business/stocks/buy-karur-vysya-bank-target-of-rs-265-asit-c-mehta-2-12844697.html
2024-10-18 11:41:00,Emkay Global Financial,Nestlé India,NESTLEIND,Reduce,2462.25,2400,2260.7,1,2.5281754492841912,8.185602599248663,https://www.moneycontrol.com/news/business/stocks/reduce-nestle-india-target-of-rs-2400-emkay-global-financial-12844707.html
2024-10-18 11:46:00,Emkay Global Financial,Axis Bank,AXISBANK,Buy,1153.2,1400,1189.35,Not reached yet.,21.401318071453343,3.1347554630593013,https://www.moneycontrol.com/news/business/stocks/buy-axis-bank-target-of-rs-1400-emkay-global-financial-2-12844716.html
2024-10-18 11:59:00,Emkay Global Financial,Karur Vysya Bank,KARURVYSYA,Buy,204.28,300,214.55,Not reached yet.,46.85725474838457,5.0274133542197035,https://www.moneycontrol.com/news/business/stocks/buy-karur-vysya-bank-target-of-rs-300-emkay-global-financial-12844732.html
2024-10-18 12:41:00,Buy LTIMindtree; target of Rs 7360 Prabhudas Lilladher,LTIMindtree,LTIM,Buy,6359.35,7360,5903.2,Not reached yet.,15.735098712918766,-7.172902891018744,https://www.moneycontrol.com/news/business/stocks/buy-ltimindtree-target-of-rs-7360-prabhudas-lilladher-12844790.html
2024-10-18 12:45:00,Buy Infosys; target of Rs 2260 Prabhudas Lilladher,Infosys,INFY,Buy,1920.1,2260,1862.05,Not reached yet.,17.702203010259886,-3.023280037498045,https://www.moneycontrol.com/news/business/stocks/buy-infosys-target-of-rs-2260-prabhudas-lilladher-12844787.html
2024-10-18 12:47:00,Buy Axis Bank; target of Rs 1530 Prabhudas Lilladher,Axis Bank,AXISBANK,Buy,1153.2,1530,1189.35,Not reached yet.,32.67429760665973,3.1347554630593013,https://www.moneycontrol.com/news/business/stocks/buy-axis-bank-target-of-rs-1530-prabhudas-lilladher-12844782.html
2024-10-18 12:49:00,Buy Engineers India; target of Rs 250 Prabhudas Lilladher,Engineers India,ENGINERSIN,Buy,193.84,250,173.6,Not reached yet.,28.972348328518365,-10.44160132067685,https://www.moneycontrol.com/news/business/stocks/buy-engineers-india-target-of-rs-250-prabhudas-lilladher-12844781.html
2024-10-18 12:51:00,Accumulate Wipro; target of Rs 580 Prabhudas Lilladher,Wipro,WIPRO,Accumulate,532.15,580,543.45,Not reached yet.,8.991825613079024,2.1234614300479318,https://www.moneycontrol.com/news/business/stocks/accumulate-wipro-target-of-rs-580-prabhudas-lilladher-12844779.html
2024-10-18 12:53:00,Accumulate Nestle India; target of Rs 2689 Prabhudas Lilladher,Nestle India,NESTLEIND,Accumulate,2462.25,2689,2260.7,Not reached yet.,9.20905675703117,-8.185602599248663,https://www.moneycontrol.com/news/business/stocks/accumulate-nestle-india-target-of-rs-2689-prabhudas-lilladher-12844777.html
2024-10-18 13:00:00,Hold Mphasis; target of Rs 3050 Prabhudas Lilladher,Mphasis,MPHASIS,Hold,2911.35,3050,3041.05,Call type not supported.,4.7623954522815914,4.454977931200312,https://www.moneycontrol.com/news/business/stocks/hold-mphasis-target-of-rs-3050-prabhudas-lilladher-12844774.html
2024-10-18 14:12:00,ICICI Securities,Wipro,WIT,Reduce,,500,,,,,https://www.moneycontrol.com/news/business/stocks/reduce-wipro-target-of-rs-500-icici-securities-12844904.html
2024-10-18 14:29:00,ICICI Securities,Tata Communication,TATACOMM,Hold,1922.45,1855,1777.6,Call type not supported.,-3.5085437852740013,-7.5346562979531395,https://www.moneycontrol.com/news/business/stocks/hold-tata-communication-target-of-rs-1855-icici-securities-12844924.html
2024-10-18 14:53:00,ICICI Securities,Polycab India,POLYCAB,Hold,7181.5,6790,6455.4,Call type not supported.,-5.451507345262132,-10.110701107011074,https://www.moneycontrol.com/news/business/stocks/hold-polycab-india-target-of-rs-6790-icici-securities-12844938.html
2024-10-18 14:58:00,ICICI Securities,Nestle,NESTLEIND,Hold,2462.25,2350,2260.7,Call type not supported.,-4.558838460757437,-8.185602599248663,https://www.moneycontrol.com/news/business/stocks/hold-nestle-target-of-rs-2350-icici-securities-12844954.html
2024-10-18 15:04:00,ICICI Securities,Havells,HAVELLS,Buy,1939.3,2120,1694.95,Not reached yet.,9.317795080699224,-12.599907183004172,https://www.moneycontrol.com/news/business/stocks/buy-havells-target-of-rs-2120-icici-securities-12844963.html
2024-10-18 15:10:00,ICICI Securities,Axis Bank,AXISBANK,Buy,1153.2,1350,1189.35,Not reached yet.,17.065556711758582,3.1347554630593013,https://www.moneycontrol.com/news/business/stocks/buy-axis-bank-target-of-rs-1350-icici-securities-12844971.html
2024-10-18 15:17:00,KR Choksey,Infosys,INFY,Accumulate,1920.1,2110,1862.05,Not reached yet.,9.890109890109896,-3.023280037498045,https://www.moneycontrol.com/news/business/stocks/accumulate-infosys-target-of-rs-2110-kr-choksey-12844977.html
2024-10-18 19:49:00,Emkay Global Financial,Mahindra Finance,M&MFIN,Buy,290.0,360,268.25,Not reached yet.,24.137931034482758,-7.5,https://www.moneycontrol.com/news/business/stocks/buy-mahindra-finance-target-of-rs-300-emkay-global-financial-12844739.html
2024-10-21 09:20:00,Religare Retail Research,Infosys,INFY,Accumulate,1879.6,2041,1862.05,Not reached yet.,8.586933390083,-0.9337092998510297,https://www.moneycontrol.com/news/business/stocks/accumulate-infosys-target-of-rs-2041-religare-retail-research-12846248.html
2024-10-21 09:31:00,KR Choksey,Axis Bank,AXISBANK,Buy,1196.85,1345,1189.35,Not reached yet.,12.37832644023897,-0.6266449429753103,https://www.moneycontrol.com/news/business/stocks/buy-axis-bank-target-of-rs-1345-kr-choksey-3-12846254.html
2024-10-21 10:14:00,KR Choksey,Nestle India,NESTLEIND,Accumulate,2350.25,2524,2260.7,Not reached yet.,7.392830549941495,-3.8102329539410777,https://www.moneycontrol.com/news/business/stocks/accumulate-nestle-india-target-of-rs-2524-kr-choksey-12846301.html
2024-10-21 10:47:00,Sharekhan,Kotak Mahindra Bank,KOTAKBANK,Buy,1789.2,2100,1768.85,Not reached yet.,17.37089201877934,-1.137379834562941,https://www.moneycontrol.com/news/business/stocks/buy-kotak-mahindra-bank-target-of-rs-2100-sharekhan-12846342.html
2024-10-21 10:50:00,Sharekhan,Tata Consumer Products,TATACONSUM,Buy,1017.05,1315,973.05,Not reached yet.,29.295511528440105,-4.326237648099897,https://www.moneycontrol.com/news/business/stocks/buy-tata-consumer-products-target-of-rs-1315-sharekhan-4-12846336.html
2024-10-21 10:52:00,Sharekhan,Tech Mahindra,TECHM,Buy,1701.2,1950,1716.45,Not reached yet.,14.62497060898189,0.8964260521984482,https://www.moneycontrol.com/news/business/stocks/buy-tech-mahindra-target-of-rs-1950-sharekhan-12846328.html
2024-10-21 10:59:00,Sharekhan,Mastek,MASTEK,Buy,2848.65,3610,2641.45,Not reached yet.,26.72669510118828,-7.273620837940788,https://www.moneycontrol.com/news/business/stocks/buy-mastek-target-of-rs-3610-sharekhan-12846326.html
2024-10-21 11:09:00,Sharekhan,Polycab India,POLYCAB,Buy,6849.75,8300,6455.4,Not reached yet.,21.172305558597028,-5.757144421329251,https://www.moneycontrol.com/news/business/stocks/buy-polycab-india-target-of-rs-8300-sharekhan-12846320.html
2024-10-21 12:01:00,Emkay Global Financial,Kotak Mahindra Bank,KOTAKBANK,Reduce,1789.2,1700,1768.85,Not reached yet.,4.985468365750059,1.137379834562941,https://www.moneycontrol.com/news/business/stocks/reduce-kotak-mahindra-bank-target-of-rs-1700-emkay-global-financial-12846455.html
2024-10-21 12:12:00,Emkay Global Financial,Zee Entertainment,ZEEL,Reduce,126.21,140,119.56,0,-10.926234054353861,5.268996117581802,https://www.moneycontrol.com/news/business/stocks/reduce-zee-entertainment-target-of-rs-140-emkay-global-financial-12846395.html
2024-10-21 12:15:00,Emkay Global Financial,ICICI Lombard,ICICIGI,Reduce,2024.35,1900,1929.15,Not reached yet.,6.142712475609451,4.70274409069577,https://www.moneycontrol.com/news/business/stocks/reduce-icici-lombard-target-of-rs-1900-emkay-global-financial-12846393.html
2024-10-21 12:21:00,Emkay Global Financial,HDFC Bank,HDFCBANK,Buy,1728.7,2000,1743.4,Not reached yet.,15.6938740093712,0.850349973968881,https://www.moneycontrol.com/news/business/stocks/buy-hdfc-bank-target-of-rs-2000-emkay-global-financial-12846392.html
2024-10-21 12:25:00,Emkay Global Financial,RBL Bank,RBLBANK,Buy,176.14,325,161.92,Not reached yet.,84.51231974565688,-8.07312365164074,https://www.moneycontrol.com/news/business/stocks/buy-rbl-bank-target-of-rs-325-emkay-global-financial-12846389.html
2024-10-21 12:35:00,KR Choksey,Wipro,WIPRO,Reduce,548.1,532,543.45,Not reached yet.,2.9374201787994934,0.8483853311439477,https://www.moneycontrol.com/news/business/stocks/reduce-wipro-target-of-rs-532-kr-choksey-12846509.html
2024-10-21 12:54:00,Anand Rathi,"Havells, India",HAVELLS,Buy,1812.7,2117,1694.95,Not reached yet.,16.787113146135596,-6.495834942351189,https://www.moneycontrol.com/news/business/stocks/buy-havells-india-target-of-rs-2117-anand-rathi-12846524.html
2024-10-21 13:21:00,Sharekhan,HDFC Bank,HDB,Buy,,2000,,,,,https://www.moneycontrol.com/news/business/stocks/buy-hdfc-bank-target-of-rs-2000-sharekhan-12846345.html
2024-10-21 13:31:00,Prabhudas Lilladher,Mangalore Refinery and Petrochemicals,MRPL,Sell,158.25,124,144.84,Not reached yet.,21.642969984202214,8.473933649289098,https://www.moneycontrol.com/news/business/stocks/sell-mangalore-refinery-and-petrochemicals-target-of-rs-124-prabhudas-lilladher-12846562.html
2024-10-21 13:36:00,Sharekhan,Nestle India,NESTLEIND,Hold,2354.65,2681,697.15,Not reached yet.,30.962227736421287,-3.894403087951475,https://www.moneycontrol.com/news/business/stocks/hold-nestle-india-target-of-rs-2681-sharekhan-12844678.html
2024-10-21 13:36:00,Asit C Mehta,J Kumar Infraprojects,JKIL,Accumulate,725.4,950,2260.7,Call type not supported.,13.859809313486076,-3.989977279001137,https://www.moneycontrol.com/news/business/stocks/accumulate-j-kumar-infraprojects-target-of-rs-950-asit-c-mehta-12844881.html
2024-10-21 14:04:00,Prabhudas Lilladher,Havells India,HAVELLS,Accumulate,1812.7,2036,1694.95,Not reached yet.,12.31864070171567,-6.495834942351189,https://www.moneycontrol.com/news/business/stocks/accumulate-havells-india-target-of-rs-2036-prabhudas-lilladher-12846630.html
2024-10-21 14:09:00,Prabhudas Lilladher,Tech Mahindra,TECHM,Accumulate,1701.2,1790,1716.45,Not reached yet.,5.219844815424404,0.8964260521984482,https://www.moneycontrol.com/news/business/stocks/accumulate-tech-mahindra-target-of-rs-1790-prabhudas-lilladher-12846641.html
2024-10-21 14:17:00,Prabhudas Lilladher,Jindal Stainless,JSL,Accumulate,698.85,814,663.95,Not reached yet.,16.477069471274234,-4.993918580525145,https://www.moneycontrol.com/news/business/stocks/accumulate-jindal-stainless-target-of-rs-814-prabhudas-lilladher-12846648.html
2024-10-21 14:23:00,Prabhudas Lilladher,Zee Entertainment Enterprises,ZEEL,Hold,126.21,145,119.56,Call type not supported.,14.887885270580783,-5.268996117581802,https://www.moneycontrol.com/news/business/stocks/hold-zee-entertainment-enterprises-target-of-rs-145-prabhudas-lilladher-12846654.html
2024-10-21 14:31:00,Prabhudas Lilladher,CEAT,CEATLTD,Hold,2971.5,3063,2747.95,Call type not supported.,3.0792529025744573,-7.523136463065798,https://www.moneycontrol.com/news/business/stocks/hold-ceat-target-of-rs-3063-prabhudas-lilladher-12846660.html
2024-10-21 14:42:00,Buy DOMS Industries; target of Rs 3349 Prabhudas Lilladher,DOMS Industries,DOMS,Buy,2838.8,3349,2535.3,Not reached yet.,17.97238269691418,-10.691137100183175,https://www.moneycontrol.com/news/business/stocks/buy-doms-industries-target-of-rs-3349-prabhudas-lilladher-12846703.html
2024-10-21 14:58:00,Buy HDFC Bank; target of Rs 2000 Prabhudas Lilladher,HDFC Bank,HDB,Buy,,2000,,,,,https://www.moneycontrol.com/news/business/stocks/buy-hdfc-bank-target-of-rs-2000-prabhudas-lilladher-6-12846748.html
2024-10-21 14:59:00,Buy KEI Industries; target of Rs 5265 Prabhudas Lilladher,KEI Industries,KEI,Buy,4059.65,5265,3851.25,Not reached yet.,29.69098321283854,-5.133447464682918,https://www.moneycontrol.com/news/business/stocks/buy-kei-industries-target-of-rs-5265-prabhudas-lilladher-12846746.html
2024-10-21 15:03:00,Buy Kotak Mahindra Bank; target of Rs 2230 Prabhudas Lilladher,Kotak Mahindra Bank,KOTAKBANK,Buy,1789.2,2230,1768.85,Not reached yet.,24.636709143751396,-1.137379834562941,https://www.moneycontrol.com/news/business/stocks/buy-kotak-mahindra-bank-target-of-rs-2230-prabhudas-lilladher-12846741.html
2024-10-21 15:21:00,KR Choksey,Kotak Mahindra Bank,KOTAKBANK,Accumulate,1789.2,2025,1768.85,Not reached yet.,13.179074446680078,-1.137379834562941,https://www.moneycontrol.com/news/business/stocks/accumulate-kotak-mahindra-bank-target-of-rs-2025-kr-choksey-12846827.html
2024-10-21 21:00:00,Motilal Oswal,IndiaMART,INDIAMART,Buy,2508.6,3500,,,,,https://www.moneycontrol.com/news/business/buy-indiamart-target-of-rs-3500-motilal-oswal-12847064.html
2024-10-21 21:00:00,Motilal Oswal,HDFC Bank,HDB,Buy,,2050,2747.95,Not reached yet.,16.102978293791015,-7.523136463065798,https://www.moneycontrol.com/news/business/buy-hdfc-bank-target-of-rs-2050-motilal-oswal-12847062.html
2024-10-21 21:00:00,Motilal Oswal,CEAT,CEATLTD,Buy,2971.5,3450,2438.75,Not reached yet.,39.52005102447581,-2.7844215897313207,https://www.moneycontrol.com/news/business/buy-ceat-target-of-rs-3450-motilal-oswal-12847061.html
2024-10-21 21:01:00,Motilal Oswal,ICICI Lombard,ICICIGI,Buy,2024.35,2400,1929.15,Not reached yet.,18.556573715019642,-4.70274409069577,https://www.moneycontrol.com/news/business/buy-icici-lombard-target-of-rs-2400-motilal-oswal-12847063.html
2024-10-21 21:01:00,Motilal Oswal,Infosys,INFY,Buy,1852.75,2200,1862.05,Not reached yet.,18.742409931183378,0.5019565510727273,https://www.moneycontrol.com/news/business/buy-infosys-target-of-rs-2200-motilal-oswal-12847065.html
2024-10-21 21:01:00,Motilal Oswal,NMDC,NMDC,Buy,225.59,290,217.83,Not reached yet.,28.551797508754817,-3.4398687885101245,https://www.moneycontrol.com/news/business/buy-nmdc-target-of-rs-290-motilal-oswal-12847067.html
2024-10-21 21:01:00,Motilal Oswal,LTIMindtree,LTIM,Buy,5943.1,7400,5903.2,Not reached yet.,24.51414245090945,-0.6713667951069399,https://www.moneycontrol.com/news/business/buy-ltimindtree-target-of-rs-7400-motilal-oswal-2-12847066.html
2024-10-21 21:01:00,Motilal Oswal,Polycab India,POLYCAB,Buy,6849.75,8340,6455.4,Not reached yet.,21.75626847695171,-5.757144421329251,https://www.moneycontrol.com/news/business/buy-polycab-india-target-of-rs-8340-motilal-oswal-12847068.html
2024-10-21 21:03:00,Motilal Oswal,Raymond Lifestyle,RAYMONDLSL,Buy,2423.55,3200,2211.75,Not reached yet.,32.037713271853264,-8.739246147180795,https://www.moneycontrol.com/news/business/buy-raymond-lifestyle-target-of-rs-3200-motilal-oswal-12847069.html
2024-10-21 21:03:00,Motilal Oswal,Tata Consumer Products,TATACONSUM,Buy,1017.05,1320,973.05,Not reached yet.,29.787129442996907,-4.326237648099897,https://www.moneycontrol.com/news/business/buy-tata-consumer-products-target-of-rs-1320-motilal-oswal-12847070.html
2024-10-22 09:18:00,East India Securities,Stylam Industries target of Rs 2359: East India Securities,STYLAMIND,Hold,2307.25,2359,2196.2,Call type not supported.,2.242929894896522,-4.813089175425297,https://www.moneycontrol.com/news/business/stocks/hold-stylam-industries-target-of-rs-2359-east-india-securities-12847249.html
2024-10-22 10:37:00,ICICI Securities,City Union Bank,CUB,Buy,168.51,190,171.0,Not reached yet.,26.13689172143664,13.523202549292973,https://www.moneycontrol.com/news/business/stocks/buy-city-union-bank-target-of-rs-190-icici-securities-12847369.html
2024-10-22 10:41:00,ICICI Securities,UltraTech Cement,ULTRACEMCO,Hold,10825.15,10555,10995.2,Call type not supported.,-2.4955774284882857,1.5708789254652462,https://www.moneycontrol.com/news/business/stocks/hold-ultratech-cement-target-of-rs-10555-icici-securities-12847374.html
2024-10-22 10:45:00,ICICI Securities,Rossari Biotech,ROSSARI,Hold,787.45,830,764.45,Call type not supported.,5.403517683662449,-2.9208203695472728,https://www.moneycontrol.com/news/business/stocks/hold-rossari-biotech-target-of-rs-830-icici-securities-12847378.html
2024-10-22 10:54:00,Emkay Global Financial,Hyundai Motor India,HYUNDAI,Reduce,1819.6,1750,1843.75,Not reached yet.,3.825016487140026,-1.3272147724774725,https://www.moneycontrol.com/news/business/stocks/reduce-hyundai-motor-india-target-of-rs-1750-emkay-global-financial-12847384.html
2024-10-22 10:59:00,Emkay Global Financial,Larsen and Toubro Finance,LTF,Reduce,146.55,150,140.28,0,-2.3541453428863788,4.278403275332657,https://www.moneycontrol.com/news/business/stocks/reduce-larsen-and-toubro-finance-target-of-rs-150-emkay-global-financial-12847392.html
2024-10-22 11:09:00,Anand Rathi,City Union Bank,CUB,Buy,168.51,200,171.0,Not reached yet.,18.68731826004392,1.4776571123375521,https://www.moneycontrol.com/news/business/stocks/buy-city-union-bank-target-of-rs-200-anand-rathi-12847408.html
2024-10-22 11:14:00,Anand Rathi,IndiaMart InterMesh,INDIAMART,Buy,,3100,2438.75,Not reached yet.,23.804389065276872,-2.6038858603406547,https://www.moneycontrol.com/news/business/stocks/buy-indiamart-intermesh-target-of-rs-3100-anand-rathi-12847414.html
2024-10-22 11:49:00,KR Choksey,Jio Financial Services,JIOFIN,Hold,314.05,345,311.2,Call type not supported.,9.855118611686033,-0.907498805922631,https://www.moneycontrol.com/news/business/stocks/hold-jio-financial-services-target-of-rs-345-kr-choksey-12847474.html
2024-10-22 11:55:00,KR Choksey,Tech Mahindra,TECHM,Accumulate,1696.55,1801,1716.45,Not reached yet.,6.156611947776373,1.1729686717161352,https://www.moneycontrol.com/news/business/stocks/accumulate-tech-mahindra-target-of-rs-1801-kr-choksey-12847487.html
2024-10-22 12:00:00,KR Choksey,Tata Consumer Products,TATACONSUM,Accumulate,998.25,1136,973.05,Not reached yet.,13.799148509892312,-2.5244177310293057,https://www.moneycontrol.com/news/business/stocks/accumulate-tata-consumer-products-target-of-rs-1136-kr-choksey-12847495.html
2024-10-22 12:17:00,Sharekhan,City Union Bank,CUB,Hold,168.51,165,171.0,Call type not supported.,-2.0829624354637652,1.4776571123375521,https://www.moneycontrol.com/news/business/stocks/hold-city-union-bank-target-of-rs-165-sharekhan-12847544.html
2024-10-22 12:22:00,Sharekhan,UltraTech Cement,ULTRACEMCO,Buy,10825.15,13000,10995.2,Not reached yet.,20.090714678318548,1.5708789254652462,https://www.moneycontrol.com/news/business/stocks/buy-ultratech-cement-target-of-rs-13000-sharekhan-3-12847550.html
2024-10-22 12:27:00,Sharekhan,Dalmia Bharat,DALBHARAT,Buy,1804.45,2200,1771.45,Not reached yet.,21.92080689406744,-1.8288121034110114,https://www.moneycontrol.com/news/business/stocks/buy-dalmia-bharat-target-of-rs-2200-sharekhan-12847559.html
2024-10-22 12:55:00,Motilal Oswal,RBL Bank,RBLBANK,Neutral,167.2,220,1694.95,Call type not supported.,3.343121752880057,-4.283374745877564,https://www.moneycontrol.com/news/business/neutral-rbl-bank-target-of-rs-220-motilal-oswal-12847509.html
2024-10-22 12:55:00,Motilal Oswal,Tata Communications,TATACOMM,Neutral,1799.2,1790,1189.35,Call type not supported.,4.188815649585371,1.1567084839464095,https://www.moneycontrol.com/news/business/neutral-tata-communications-target-of-rs-1790-motilal-oswal-12847511.html
2024-10-22 12:55:00,Motilal Oswal,Kotak Mahindra Bank,KOTAKBANK,Neutral,1763.15,1950,1716.45,Call type not supported.,0.20335386519702014,1.1729686717161352,https://www.moneycontrol.com/news/business/neutral-kotak-mahindra-bank-target-of-rs-1950-motilal-oswal-12847504.html
2024-10-22 12:55:00,Motilal Oswal,Manappuram Finance,MANAPPURAM,Neutral,139.5,160,1064.75,Call type not supported.,-6.411265634566601,-6.8704626957054105,https://www.moneycontrol.com/news/business/neutral-manappuram-finance-target-of-rs-160-motilal-oswal-12847505.html
2024-10-22 12:55:00,Motilal Oswal,Hindustan Zinc,HINDZINC,Neutral,513.6,570,2260.7,Call type not supported.,2.1167960855228167,-3.8102329539410777,https://www.moneycontrol.com/news/business/neutral-hindustan-zinc-target-of-rs-570-motilal-oswal-12847503.html
2024-10-22 12:55:00,Motilal Oswal,Nestlé India,NESTLEIND,Neutral,2350.25,2400,3041.05,Call type not supported.,14.184004164357795,2.12919584235891,https://www.moneycontrol.com/news/business/neutral-nestle-india-target-of-rs-2400-motilal-oswal-2-12847507.html
2024-10-22 12:55:00,Motilal Oswal,Axis Bank,AXISBANK,Neutral,1175.75,1225,145.22,Call type not supported.,14.695340501792115,4.100358422939068,https://www.moneycontrol.com/news/business/neutral-axis-bank-target-of-rs-1225-motilal-oswal-12847501.html
2024-10-22 12:55:00,Motilal Oswal,Havells India,HAVELLS,Neutral,1770.8,1830,1768.85,Call type not supported.,10.59751013810509,0.3232850296344507,https://www.moneycontrol.com/news/business/neutral-havells-india-target-of-rs-1830-motilal-oswal-12847502.html
2024-10-22 12:55:00,Motilal Oswal,Tata Chemicals,TATACHEM,Neutral,1143.3,1070,1777.6,Call type not supported.,-0.5113383726100514,-1.2005335704757747,https://www.moneycontrol.com/news/business/neutral-tata-chemicals-target-of-rs-1070-motilal-oswal-12847510.html
2024-10-22 12:55:00,Motilal Oswal,Mphasis,MPHASIS,Neutral,2977.65,3400,510.05,Call type not supported.,10.981308411214949,-0.6911993769470427,https://www.moneycontrol.com/news/business/neutral-mphasis-target-of-rs-3400-motilal-oswal-12847506.html
2024-10-22 12:55:00,Motilal Oswal,Tech Mahindra,TECHM,Neutral,1696.55,1700,161.92,Call type not supported.,31.578947368421062,-3.157894736842106,https://www.moneycontrol.com/news/business/neutral-tech-mahindra-target-of-rs-1700-motilal-oswal-12847513.html
2024-10-22 12:57:00,Motilal Oswal,Zee Entertainment,ZEEL,Neutral,123.59,145,119.56,Call type not supported.,17.3234080427219,-3.260781616635651,https://www.moneycontrol.com/news/business/neutral-zee-entertainment-target-of-rs-145-motilal-oswal-12847514.html
2024-10-22 12:57:00,Motilal Oswal,Wipro,WIT,Neutral,,500,,,,,https://www.moneycontrol.com/news/business/neutral-wipro-target-of-rs-500-motilal-oswal-2-12847512.html
2024-10-22 13:06:00,Motilal Oswal,Hyundai Motor,HYUNDAI,Buy,1819.6,2345,1843.75,Not reached yet.,28.874477907232365,1.3272147724774725,https://www.moneycontrol.com/news/business/stocks/buy-hyundai-motor-target-of-rs-2345-motilal-oswal-12847591.html
2024-10-22 13:25:00,Anand Rathi,Rossari Biotech,ROSSARI,Buy,787.45,1085,764.45,Not reached yet.,37.78652612864308,-2.9208203695472728,https://www.moneycontrol.com/news/business/stocks/buy-rossari-biotech-target-of-rs-1085-anand-rathi-12847663.html
2024-10-22 13:31:00,Sharekhan,Larsen and Toubro Finance Holdings,L&TFH-RE,Buy,,200,,,,,https://www.moneycontrol.com/news/business/stocks/buy-larsen-and-toubro-finance-holdings-target-of-rs-200-sharekhan-12847675.html
2024-10-22 13:40:00,Buy City Union Bank; target of Rs 190 Prabhudas Lilladher,City Union Bank,CUB,Buy,168.51,190,171.0,Not reached yet.,12.752952347041724,1.4776571123375521,https://www.moneycontrol.com/news/business/stocks/buy-city-union-bank-target-of-rs-190-prabhudas-lilladher-3-12847685.html
2024-10-22 14:33:00,"Accumulate Ultratech Cement; target of Rs 12,401 Prabhudas Lilladher",Ultratech Cement,UCLQF,Accumulate,,12401,,,,,https://www.moneycontrol.com/news/business/stocks/accumulate-ultratech-cement-target-of-rs-12401-prabhudas-lilladher-12847737.html
2024-10-22 14:38:00,Accumulate Dalmia Bharat; target of Rs 2073 Prabhudas Lilladher,Dalmia Bharat,DALBHARAT,Accumulate,1804.45,2073,1771.45,Not reached yet.,14.882651223364457,-1.8288121034110114,https://www.moneycontrol.com/news/business/stocks/accumulate-dalmia-bharat-target-of-rs-2073-prabhudas-lilladher-12847831.html
2024-10-22 15:05:00,KR Choksey,HDFC Bank,HDB,Accumulate,,1934,,,,,https://www.moneycontrol.com/news/business/stocks/accumulate-hdfc-bank-target-of-rs-1934-kr-choksey-12847876.html
2024-10-23 08:47:00,LKP Research,Cyient DLM,CYIENTDLM,Buy,661.15,851,613.9,Not reached yet.,28.715117598124486,-7.146638433033352,https://www.moneycontrol.com/news/business/stocks/buy-cyient-dlm-target-of-rs-851-lkp-research-2-12848342.html
2024-10-23 10:20:00,KR Choksey,UltraTech Cement,ULTRACEMCO,Accumulate,10825.15,12063,10995.2,Not reached yet.,11.434945474196665,1.5708789254652462,https://www.moneycontrol.com/news/business/stocks/accumulate-ultratech-cement-target-of-rs-12063-kr-choksey-12848452.html
2024-10-23 10:25:00,KR Choksey,Cyient DLM,CYIENTDLM,Buy,661.15,842,613.9,Not reached yet.,27.353853134689558,-7.146638433033352,https://www.moneycontrol.com/news/business/stocks/buy-cyient-dlm-target-of-rs-842-kr-choksey-2-12848454.html
2024-10-23 10:45:00,Anand Rathi,Union Bank of India,UNIONBANK,Buy,109.35,142,108.24,Not reached yet.,29.85825331504344,-1.015089163237311,https://www.moneycontrol.com/news/business/stocks/buy-union-bank-of-india-target-of-rs-142-anand-rathi-12848491.html
2024-10-23 10:50:00,Sharekhan,ICICI Prudential Life Insurance Company,0P0000NQXO,Buy,,920,,,,,https://www.moneycontrol.com/news/business/stocks/buy-icici-prudential-life-insurance-company-target-of-rs-920-sharekhan-2-12848499.html
2024-10-23 10:55:00,Sharekhan,Supreme Industries,SUPREMEIND,Buy,,5700,4290.25,Not reached yet.,24.101894186806007,-6.591552362290443,https://www.moneycontrol.com/news/business/stocks/buy-supreme-industries-target-of-rs-5700-sharekhan-12848504.html
2024-10-23 11:01:00,Accumulate Persistent Systems; target of Rs 5810 Prabhudas Lilladher,Persistent Systems,PERSISTENT,Accumulate,5718.75,5810,5670.9,Not reached yet.,1.5956284153005464,-0.8367213114754161,https://www.moneycontrol.com/news/business/stocks/accumulate-persistent-systems-target-of-rs-5810-prabhudas-lilladher-12848511.html
2024-10-23 11:06:00,Hold Jubilant Ingrevia; target of Rs 696 Prabhudas Lilladher,Jubilant Ingrevia,JUBLINGREA,Hold,707.55,696,655.95,Call type not supported.,-1.632393470426112,-7.292770828916673,https://www.moneycontrol.com/news/business/stocks/hold-jubilant-ingrevia-target-of-rs-696-prabhudas-lilladher-12848516.html
2024-10-23 11:12:00,Buy Ambuja Cement; target of Rs 756 Prabhudas Lilladher,Ambuja Cement,AMBUJACEM,Buy,555.85,756,552.7,Not reached yet.,36.00791580462354,-0.5666996491859273,https://www.moneycontrol.com/news/business/stocks/buy-ambuja-cement-target-of-rs-756-prabhudas-lilladher-12848526.html
2024-10-23 11:36:00,Emkay Global Financial,Bajaj Finserv,BAJAJFINSV,Buy,1739.7,2150,1707.4,Not reached yet.,23.584526067712822,-1.8566419497614506,https://www.moneycontrol.com/news/business/stocks/buy-bajaj-finserv-target-of-rs-2150-emkay-global-financial-2-12848557.html
2024-10-23 11:40:00,Emkay Global Financial,Bajaj Finance,BAJFINANCE,Buy,,8800,6910.15,Not reached yet.,25.789759570027726,-1.2243060121787437,https://www.moneycontrol.com/news/business/stocks/buy-bajaj-finance-target-of-rs-8800-emkay-global-financial-12848566.html
2024-10-23 11:45:00,Emkay Global Financial,Mahindra Finance,M&MFIN,Buy,267.55,360,268.25,Not reached yet.,34.554288917959255,0.2616333395626943,https://www.moneycontrol.com/news/business/stocks/buy-mahindra-finance-target-of-rs-360-emkay-global-financial-12848577.html
2024-10-23 12:00:00,Anand Rathi,Bajaj Finance,BAJFINANCE,Buy,6995.8,7905,6910.15,Not reached yet.,12.996369250121498,-1.2243060121787437,https://www.moneycontrol.com/news/business/stocks/buy-bajaj-finance-target-of-rs-7905-anand-rathi-12848588.html
2024-10-23 13:18:00,ICICI Securities,Indus Tower,INDUSTOWER,Sell,357.1,280,334.7,Not reached yet.,21.590590870904514,6.272752730327648,https://www.moneycontrol.com/news/business/stocks/sell-indus-tower-target-of-rs-280-icici-securities-12848684.html
2024-10-23 13:26:00,ICICI Securities,Gravita India,GRAVITA,Buy,2139.25,3265,1991.6,Not reached yet.,52.62358303143625,-6.901951618557909,https://www.moneycontrol.com/news/business/stocks/buy-gravita-india-target-of-rs-3265-icici-securities-2-12848692.html
2024-10-23 13:28:00,ICICI Securities,Persistent Systems,PERSISTENT,Buy,5718.75,6140,5670.9,Not reached yet.,7.366120218579235,-0.8367213114754161,https://www.moneycontrol.com/news/business/stocks/buy-persistent-systems-target-of-rs-6140-icici-securities-12848688.html
2024-10-23 13:41:00,ICICI Securities,Mahindra Logistics,MAHLOG,Reduce,444.05,420,409.4,2,5.416056750365953,7.803175318094817,https://www.moneycontrol.com/news/business/stocks/reduce-mahindra-logistics-target-of-rs-420-icici-securities-12848670.html
2024-10-23 13:43:00,ICICI Securities,Supreme Industries,SUPREMEIND,Hold,4593.0,4457,4290.25,Call type not supported.,-2.961027650772915,-6.591552362290443,https://www.moneycontrol.com/news/business/stocks/hold-supreme-industries-target-of-rs-4457-icici-securities-12848668.html
2024-10-23 13:51:00,ICICI Securities,Multi Commodity Exchange of India,MCX,Hold,6686.05,6670,6487.55,Call type not supported.,-0.24005204866849905,-2.968868016242774,https://www.moneycontrol.com/news/business/stocks/hold-multi-commodity-exchange-of-india-target-of-rs-6670-icici-securities-12848665.html
2024-10-23 14:44:00,ICICI Securities,Varun Beverages,VBL,Hold,628.75,606,611.2,Call type not supported.,-3.618290258449304,-2.7912524850894562,https://www.moneycontrol.com/news/business/stocks/hold-varun-beverages-target-of-rs-606-icici-securities-12848663.html
2024-10-23 14:52:00,ICICI Securities,Zomato,ZOMATO,Buy,264.05,300,253.8,Not reached yet.,13.614845673167956,-3.881840560499905,https://www.moneycontrol.com/news/business/stocks/buy-zomato-target-of-rs-300-icici-securities-5-12848696.html
2024-10-23 14:53:00,Sharekhan,Persistent Systems,PERSISTENT,Buy,5718.75,6200,5670.9,Not reached yet.,8.415300546448087,-0.8367213114754161,https://www.moneycontrol.com/news/business/stocks/buy-persistent-systems-target-of-rs-6200-sharekhan-2-12848703.html
2024-10-23 15:03:00,Sharekhan,Bajaj Finance,BAJFINANCE,Buy,6995.8,9500,6910.15,Not reached yet.,35.79576317218903,-1.2243060121787437,https://www.moneycontrol.com/news/business/stocks/buy-bajaj-finance-target-of-rs-9500-sharekhan-12848883.html
2024-10-23 15:11:00,KR Choksey,Rossari Biotech,ROSSARI,Buy,779.3,1034,764.45,Not reached yet.,32.68317721031696,-1.9055562684460299,https://www.moneycontrol.com/news/business/stocks/buy-rossari-biotech-target-of-rs-1034-kr-choksey-12848887.html
2024-10-24 09:01:00,Asit C Mehta,ICICI Prudential Life Insurance Co,ICICIPRULI,Buy,746.45,893,742.85,Not reached yet.,19.632929198204828,-0.48228280527832035,https://www.moneycontrol.com/news/business/stocks/buy-icici-prudential-life-insurance-co-target-of-rs-893-asit-c-mehta-12849441.html
2024-10-24 09:56:00,Religare Retail Research,UltraTech Cement,ULTRACEMCO,Accumulate,10753.05,11446,10995.2,Not reached yet.,6.44421815205919,2.2519192229181626,https://www.moneycontrol.com/news/business/stocks/accumulate-ultratech-cement-target-of-rs-11446-religare-retail-research-12849503.html
2024-10-24 10:09:00,KR Choksey,Varun Beverages,VBL,Buy,628.75,738,611.2,Not reached yet.,17.375745526838966,-2.7912524850894562,https://www.moneycontrol.com/news/business/stocks/buy-varun-beverages-target-of-rs-738-kr-choksey-12849525.html
2024-10-24 10:15:00,KR Choksey,Persistent Systems,PERSISTENT,Reduce,5718.75,5441,5670.9,Not reached yet.,4.856830601092897,0.8367213114754161,https://www.moneycontrol.com/news/business/stocks/reduce-persistent-systems-target-of-rs-5441-kr-choksey-12849531.html
2024-10-24 10:20:00,Anand Rathi,Kajaria Ceramics,KAJARIACER,Buy,1261.8,1695,1230.95,Not reached yet.,34.3319067998098,-2.44491995561895,https://www.moneycontrol.com/news/business/stocks/buy-kajaria-ceramics-target-of-rs-1695-anand-rathi-12849537.html
2024-10-24 11:03:00,Reduce SRF; target of Rs 2036 Prabhudas Lilladher,SRF,SRF,Reduce,2257.3,2036,2206.9,Not reached yet.,9.803747840340236,2.2327559473707566,https://www.moneycontrol.com/news/business/stocks/reduce-srf-target-of-rs-2036-prabhudas-lilladher-12849576.html
2024-10-24 11:04:00,Hold TVS Motor Company; target of Rs 2628 Prabhudas Lilladher,TVS Motor Company,TVSMOTOR,Hold,2482.35,2628,2449.8,Call type not supported.,5.867424013535565,-1.3112574777932091,https://www.moneycontrol.com/news/business/stocks/hold-tvs-motor-company-target-of-rs-2628-prabhudas-lilladher-12849570.html
2024-10-24 11:04:00,Hold Hindustan Unilever; target of Rs 2744 Prabhudas Lilladher,Hindustan Unilever,HINDUNILVR,Hold,2505.1,2744,2528.05,Call type not supported.,9.536545447287539,0.9161310925711658,https://www.moneycontrol.com/news/business/stocks/hold-hindustan-unilever-target-of-rs-2744-prabhudas-lilladher-12849566.html
2024-10-24 11:04:00,Accumulate Kajaria Ceramics; target of Rs 1604 Prabhudas Lilladher,Kajaria Ceramics,KAJARIACER,Accumulate,1214.65,1604,1230.95,Not reached yet.,32.05450129666981,1.341950356069646,https://www.moneycontrol.com/news/business/stocks/accumulate-kajaria-ceramics-target-of-rs-1604-prabhudas-lilladher-12849572.html
2024-10-24 11:05:00,Buy Can Fin Homes; target of Rs 1000 Prabhudas Lilladher,Can Fin Homes,CANFINHOME,Buy,845.45,1000,850.65,Not reached yet.,18.280205807558097,0.615057070199294,https://www.moneycontrol.com/news/business/stocks/buy-can-fin-homes-target-of-rs-1000-prabhudas-lilladher-12849561.html
2024-10-24 11:05:00,Hold Mahindra Logistics; target of Rs 493 Prabhudas Lilladher,Mahindra Logistics,MAHLOG,Hold,426.05,493,409.4,Call type not supported.,15.714118061260413,-3.9079920197160036,https://www.moneycontrol.com/news/business/stocks/hold-mahindra-logistics-target-of-rs-493-prabhudas-lilladher-12849563.html
2024-10-24 11:05:00,Buy Supreme Industries; target of Rs 5752 Prabhudas Lilladher,Supreme Industries,SUPREMEIND,Buy,,5752,4290.25,Not reached yet.,31.593095480490952,-1.848526097848347,https://www.moneycontrol.com/news/business/stocks/buy-supreme-industries-target-of-rs-5752-prabhudas-lilladher-12849559.html
2024-10-24 11:24:00,KR Choksey,Bajaj Finance,BAJFINANCE,Buy,7040.9,8066,6910.15,Not reached yet.,14.559218281753758,-1.8570069167293954,https://www.moneycontrol.com/news/business/stocks/buy-bajaj-finance-target-of-rs-8066-kr-choksey-12849628.html
2024-10-24 11:31:00,Anand Rathi,Amber Enterprises,AMBER,Buy,6255.2,8125,6171.2,Not reached yet.,29.891929914311298,-1.3428827215756491,https://www.moneycontrol.com/news/business/stocks/buy-amber-enterprises-target-of-rs-8125-anand-rathi-12849634.html
2024-10-24 11:56:00,Anand Rathi,Karnataka Bank,KTKBANK,Buy,208.8,298,202.39,Not reached yet.,42.72030651340996,-3.0699233716475214,https://www.moneycontrol.com/news/business/stocks/buy-karnataka-bank-target-of-rs-298-anand-rathi-12849737.html
2024-10-24 12:03:00,Asit C Mehta,SBI Life Insurance Co,SBILIFE,Buy,1635.3,2015,1616.75,Not reached yet.,23.21898122668624,-1.1343484375955455,https://www.moneycontrol.com/news/business/stocks/buy-sbi-life-insurance-co-target-of-rs-2015-asit-c-mehta-12849746.html
2024-10-24 12:44:00,Sharekhan,AU Small Finance Bank,AUBANK,Hold,645.65,700,604.5,Call type not supported.,8.417873460853407,-6.373422132734451,https://www.moneycontrol.com/news/business/stocks/hold-au-small-finance-bank-target-of-rs-700-sharekhan-3-12849734.html
2024-10-24 12:47:00,Sharekhan,Mahindra Logistics,MAHLOG,Buy,426.05,560,409.4,Not reached yet.,31.439971834291747,-3.9079920197160036,https://www.moneycontrol.com/news/business/stocks/buy-mahindra-logistics-target-of-rs-560-sharekhan-12849731.html
2024-10-24 12:48:00,Sharekhan,Gabriel India,GABRIEL,Buy,449.6,558,429.2,Not reached yet.,24.110320284697504,-4.537366548042712,https://www.moneycontrol.com/news/business/stocks/buy-gabriel-india-target-of-rs-558-sharekhan-2-12849729.html
2024-10-24 12:49:00,Sharekhan,NIIT Learning Systems,NIITMTS,Buy,436.85,525,428.4,Not reached yet.,20.178550990042343,-1.9343023921254539,https://www.moneycontrol.com/news/business/stocks/buy-niit-learning-systems-target-of-rs-525-sharekhan-12849727.html
2024-10-24 12:51:00,Sharekhan,Kajaria Ceramics,KAJARIACER,Buy,1214.65,1600,1230.95,Not reached yet.,31.725188325855175,1.341950356069646,https://www.moneycontrol.com/news/business/stocks/buy-kajaria-ceramics-target-of-rs-1600-sharekhan-3-12849725.html
2024-10-24 12:52:00,Sharekhan,Amber Enterprises,AMBER,Buy,6255.2,7350,6171.2,Not reached yet.,17.5022381378693,-1.3428827215756491,https://www.moneycontrol.com/news/business/stocks/buy-amber-enterprises-target-of-rs-7350-sharekhan-12849721.html
2024-10-24 12:53:00,Sharekhan,SRF,SRF,Buy,2257.3,2707,2206.9,Not reached yet.,19.92203074469498,-2.2327559473707566,https://www.moneycontrol.com/news/business/stocks/buy-srf-target-of-rs-2707-sharekhan-12849692.html
2024-10-24 12:58:00,Sharekhan,TVS Motor Company,TVSMOTOR,Buy,2482.35,2839,2449.8,Not reached yet.,14.367434084637546,-1.3112574777932091,https://www.moneycontrol.com/news/business/stocks/buy-tvs-motor-company-target-of-rs-2839-sharekhan-12849689.html
2024-10-24 13:01:00,Sharekhan,Hindustan Unilever,HINDUNILVR,Buy,2505.1,3079,2528.05,Not reached yet.,22.909265099197643,0.9161310925711658,https://www.moneycontrol.com/news/business/stocks/buy-hindustan-unilever-target-of-rs-3079-sharekhan-12849685.html
2024-10-24 13:04:00,ICICI Securities,State Bank of India,SBIN,Buy,794.55,1000,780.95,Not reached yet.,25.85740356176453,-1.711660688439986,https://www.moneycontrol.com/news/business/stocks/buy-state-bank-of-india-target-of-rs-1000-icici-securities-2-12843119.html
2024-10-24 13:14:00,Accumulate Navin Fluorine International; target of Rs 3523 Prabhudas Lilladher,Navin Fluorine International,NAVINFLUOR,Accumulate,3411.5,3523,3301.75,Not reached yet.,3.268357027700425,-3.2170599443060235,https://www.moneycontrol.com/news/business/stocks/accumulate-navin-fluorine-international-target-of-rs-3523-prabhudas-lilladher-12849895.html
2024-10-24 13:24:00,Anand Rathi,Gabriel India,GABRIEL,Buy,449.6,700,429.2,Not reached yet.,55.69395017793594,-4.537366548042712,https://www.moneycontrol.com/news/business/stocks/buy-gabriel-india-target-of-rs-700-anand-rathi-12849907.html
2024-10-24 14:30:00,ICICI Securities,TVS Motor Company,TVSMOTOR,Hold,2482.35,2596,2449.8,Call type not supported.,4.578322960098298,-1.3112574777932091,https://www.moneycontrol.com/news/business/stocks/hold-tvs-motor-company-target-of-rs-2596-icici-securities-12849940.html
2024-10-24 14:35:00,ICICI Securities,SRF,SRFM,Hold,,2250,,,,,https://www.moneycontrol.com/news/business/stocks/hold-srf-target-of-rs-2250-icici-securities-12849938.html
2024-10-24 14:37:00,ICICI Securities,AU Small Finance Bank,AUBANK,Hold,645.65,630,604.5,Call type not supported.,-2.4239138852319333,-6.373422132734451,https://www.moneycontrol.com/news/business/stocks/hold-au-small-finance-bank-target-of-rs-630-icici-securities-3-12849935.html
2024-10-24 14:39:00,ICICI Securities,Dr Lal Pathlabs,LALPATHLAB,Hold,3049.1,3100,3137.65,Call type not supported.,1.6693450526384865,2.904135646584244,https://www.moneycontrol.com/news/business/stocks/hold-dr-lal-pathlabs-target-of-rs-3100-icici-securities-12849933.html
2024-10-24 14:47:00,ICICI Securities,Amber Enterprises India,AMBER,Reduce,6255.2,5625,6171.2,Not reached yet.,10.074817751630642,1.3428827215756491,https://www.moneycontrol.com/news/business/stocks/reduce-amber-enterprises-india-target-of-rs-5625-icici-securities-12849927.html
2024-10-24 14:53:00,ICICI Securities,Godrej Properties,GODREJPROP,Sell,2924.4,2113,2929.25,Not reached yet.,27.74586239912461,-0.16584598550129628,https://www.moneycontrol.com/news/business/stocks/sell-godrej-properties-target-of-rs-2113-icici-securities-12849925.html
2024-10-24 14:57:00,ICICI Securities,Fedbank Financial Services,FEDFINA,Buy,106.26,130,101.38,Not reached yet.,22.34142668925277,-4.592508940335036,https://www.moneycontrol.com/news/business/stocks/buy-fedbank-financial-services-target-of-rs-130-icici-securities-12849922.html
2024-10-24 16:20:00,Motilal Oswal,Oberoi Realty,OBEROIRLTY,Neutral,1984.9,2056,1941.75,Call type not supported.,3.582044435487929,-2.173913043478265,https://www.moneycontrol.com/news/business/neutral-oberoi-realty-target-of-rs-2056-motilal-oswal-12850135.html
2024-10-24 16:20:00,Motilal Oswal,Dalmia Bharat,DALBHARAT,Buy,1812.95,2250,1771.45,Not reached yet.,24.107118232714633,-2.289086847403403,https://www.moneycontrol.com/news/business/buy-dalmia-bharat-target-of-rs-2250-motilal-oswal-12850137.html
2024-10-24 16:20:00,Motilal Oswal,Indostar Capital Finance,INDOSTAR,Buy,265.2,315,266.4,Not reached yet.,18.77828054298643,0.45248868778280116,https://www.moneycontrol.com/news/business/buy-indostar-capital-finance-target-of-rs-315-motilal-oswal-12850138.html
2024-10-24 16:20:00,Motilal Oswal,L&T Finance,LTF,Buy,144.66,200,140.28,Not reached yet.,38.255219134522335,-3.027789299046036,https://www.moneycontrol.com/news/business/buy-l-target-of-rs-200-motilal-oswal-12850139.html
2024-10-24 16:20:00,Motilal Oswal,Cyient DLM,CYIENTDLM,Buy,636.8,870,613.9,Not reached yet.,36.62060301507539,-3.5961055276381875,https://www.moneycontrol.com/news/business/buy-cyient-dlm-target-of-rs-870-motilal-oswal-2-12850136.html
2024-10-24 16:38:00,Motilal Oswal,MCX,MCX,Buy,6649.3,7600,6487.55,Not reached yet.,14.297745627359268,-2.4325868888454423,https://www.moneycontrol.com/news/business/buy-mcx-target-of-rs-7600-motilal-oswal-12850140.html
2024-10-24 16:38:00,Motilal Oswal,UltraTech Cement,ULTRACEMCO,Buy,11043.6,13000,10995.2,Not reached yet.,17.71523778478032,-0.438262885291025,https://www.moneycontrol.com/news/business/buy-ultratech-cement-target-of-rs-13000-motilal-oswal-12850141.html
2024-10-24 19:34:00,Motilal Oswal,AU Small Finance Bank,AUBANK,Buy,645.65,830,742.85,Not reached yet.,17.1875,-3.2747395833333304,https://www.moneycontrol.com/news/business/buy-au-small-finance-bank-target-of-rs-830-motilal-oswal-2-12850289.html
2024-10-24 19:34:00,Motilal Oswal,Can Fin Homes,CANFINHOME,Neutral,845.45,960,334.7,Call type not supported.,9.9214846538187,-4.439685938615278,https://www.moneycontrol.com/news/business/neutral-can-fin-homes-target-of-rs-960-motilal-oswal-12850296.html
2024-10-24 19:34:00,Motilal Oswal,Godrej Properties,GODREJPROP,Buy,2924.4,3725,2528.05,Not reached yet.,27.739411600335323,0.9161310925711658,https://www.moneycontrol.com/news/business/buy-godrej-properties-target-of-rs-3725-motilal-oswal-12850292.html
2024-10-24 19:34:00,Motilal Oswal,Coforge,COFORGE,Buy,7699.05,10000,6910.15,Call type not supported.,3.963981877316826,-1.8570069167293954,https://www.moneycontrol.com/news/business/buy-coforge-target-of-rs-10000-motilal-oswal-12850288.html
2024-10-24 19:34:00,Motilal Oswal,SBI Life Insurance,SBILIFE,Buy,1635.3,2100,6171.2,Not reached yet.,17.5022381378693,-1.3428827215756491,https://www.moneycontrol.com/news/business/buy-sbi-life-insurance-target-of-rs-2100-motilal-oswal-12850293.html
2024-10-24 19:34:00,Motilal Oswal,Amber Enterprises,AMBER,Buy,6255.2,7350,1616.75,Not reached yet.,28.4168042560998,-1.1343484375955455,https://www.moneycontrol.com/news/business/buy-amber-enterprises-target-of-rs-7350-motilal-oswal-12850287.html
2024-10-24 19:34:00,Motilal Oswal,Bajaj Finance,BAJFINANCE,Neutral,7040.9,7320,7739.85,Not reached yet.,29.886154785330653,0.5299355115241514,https://www.moneycontrol.com/news/business/neutral-bajaj-finance-target-of-rs-7320-motilal-oswal-12850294.html
2024-10-24 19:34:00,Motilal Oswal,Hindustan Unilever,HINDUNILVR,Buy,2505.1,3200,2929.25,Not reached yet.,27.37655587470934,0.16584598550129628,https://www.moneycontrol.com/news/business/buy-hindustan-unilever-target-of-rs-3200-motilal-oswal-2-12850291.html
2024-10-24 19:34:00,Motilal Oswal,Indus Towers,INDUSTOWER,Neutral,350.25,385,850.65,Call type not supported.,13.548997575255775,0.615057070199294,https://www.moneycontrol.com/news/business/neutral-indus-towers-target-of-rs-385-motilal-oswal-12850295.html
2024-10-24 19:34:00,Motilal Oswal,ICICI Prudential Life Insurance,ICICIPRULI,Buy,768.0,900,604.5,Not reached yet.,28.55262138929761,-6.373422132734451,https://www.moneycontrol.com/news/business/buy-icici-prudential-life-insurance-target-of-rs-900-motilal-oswal-12850290.html
2024-10-24 19:35:00,Motilal Oswal,Shoppers Stop,SHOPERSTOP,Neutral,690.45,750,660.05,Call type not supported.,8.624809906582657,-4.402925628213497,https://www.moneycontrol.com/news/business/neutral-shoppers-stop-target-of-rs-750-motilal-oswal-2-12850300.html
2024-10-24 19:35:00,Motilal Oswal,MAX Financial Services,MFSL,Neutral,1287.8,1300,1274.85,Call type not supported.,0.9473520733033116,-1.005590930268679,https://www.moneycontrol.com/news/business/neutral-max-financial-services-target-of-rs-1300-motilal-oswal-12850298.html
2024-10-24 19:35:00,Motilal Oswal,Piramal Enterprises,PEL,Neutral,1052.25,1015,1051.8,Call type not supported.,-3.540033262057496,-0.04276550249465863,https://www.moneycontrol.com/news/business/neutral-piramal-enterprises-target-of-rs-1015-motilal-oswal-12850299.html
2024-10-24 19:35:00,Motilal Oswal,Navin Fluorine International,NAVINFLUOR,Neutral,3411.5,3240,3301.75,Call type not supported.,-5.027114172651326,-3.2170599443060235,https://www.moneycontrol.com/news/business/neutral-navin-fluorine-international-target-of-rs-3240-motilal-oswal-12850297.html
2024-10-24 19:35:00,Motilal Oswal,SONA BLW Precision Forging,SONACOMS,Neutral,729.45,685,699.25,Call type not supported.,-6.093632188635279,-4.1401055589828015,https://www.moneycontrol.com/news/business/neutral-sona-blw-precision-forging-target-of-rs-685-motilal-oswal-12850301.html
2024-10-24 19:37:00,Motilal Oswal,TVS Motor Company,TVSMOTOR,Neutral,2482.35,2610,2449.8,Call type not supported.,5.142304670977102,-1.3112574777932091,https://www.moneycontrol.com/news/business/neutral-tvs-motor-company-target-of-rs-2610-motilal-oswal-12850303.html
2024-10-24 19:37:00,Motilal Oswal,SRF,SRF,Neutral,2257.3,2080,2206.9,Call type not supported.,-7.854516457714977,-2.2327559473707566,https://www.moneycontrol.com/news/business/neutral-srf-target-of-rs-2080-motilal-oswal-12850302.html
2024-10-25 10:38:00,KR Choksey,Supreme Petrochem,SPLPETRO,Accumulate,762.45,877,762.45,Not reached yet.,14.850707176532213,-0.15060240963855123,https://www.moneycontrol.com/news/business/stocks/accumulate-supreme-petrochem-target-of-rs-877-kr-choksey-12850671.html
2024-10-25 10:46:00,KR Choksey,ICICI Prudential Life Insurance,0P0000NQXO,Hold,,750,,,,,https://www.moneycontrol.com/news/business/stocks/hold-icici-prudential-life-insurance-target-of-rs-750-kr-choksey-12850695.html
2024-10-25 12:13:00,Sharekhan,Colgate Palmolive India,COLPAL,Hold,3082.2,3555,3082.2,Call type not supported.,15.339692427486867,0.0,https://www.moneycontrol.com/news/business/stocks/hold-colgate-palmolive-india-target-of-rs-3555-sharekhan-12850710.html
2024-10-25 12:34:00,Sharekhan,Ramkrishna Forgings,RKFORGE,Buy,906.7,1111,906.7,Not reached yet.,22.532259843388104,0.0,https://www.moneycontrol.com/news/business/stocks/buy-ramkrishna-forgings-target-of-rs-1111-sharekhan-12850734.html
2024-10-25 12:48:00,Sharekhan,Coforge,COFORGE,Buy,7739.85,8900,7739.85,Not reached yet.,14.989308578331617,0.0,https://www.moneycontrol.com/news/business/stocks/buy-coforge-target-of-rs-8900-sharekhan-12850737.html
2024-10-25 12:52:00,Sharekhan,Strides Pharma Sciences,STAR,Buy,1508.85,1874,1508.85,Not reached yet.,24.20055008781523,0.0,https://www.moneycontrol.com/news/business/stocks/buy-strides-pharma-sciences-target-of-rs-1874-sharekhan-12850742.html
2024-10-25 12:58:00,Sharekhan,Schaeffler India,SCHAEFFLER,Buy,3604.3,4170,3604.3,Not reached yet.,15.695141913825147,0.0,https://www.moneycontrol.com/news/business/stocks/buy-schaeffler-india-target-of-rs-4170-sharekhan-12850740.html
2024-10-25 13:41:00,Sharekhan,Godrej Consumer Products,GODREJCP,Buy,,1545,1291.25,Not reached yet.,19.651500484027107,0.0,https://www.moneycontrol.com/news/business/stocks/buy-godrej-consumer-products-target-of-rs-1545-sharekhan-12850763.html
2024-10-25 13:55:00,KR Choksey,Navin Fluorine International,NAVINFLUOR,Accumulate,3301.75,3769,3301.75,Not reached yet.,14.151586280003029,0.0,https://www.moneycontrol.com/news/business/stocks/accumulate-navin-fluorine-international-target-of-rs-3769-kr-choksey-12850922.html
2024-10-25 14:07:00,KR Choksey,SBI Life Insurance Company,SBILIFE,Buy,1616.75,1901,1616.75,Not reached yet.,17.58156796041441,0.0,https://www.moneycontrol.com/news/business/stocks/buy-sbi-life-insurance-company-target-of-rs-1901-kr-choksey-12850928.html
2024-10-25 14:20:00,Emkay Global Financial,Ujjivan Small Finance Bank,UJJIVANSFB,Buy,35.77,45,35.77,Not reached yet.,25.80374615599663,0.0,https://www.moneycontrol.com/news/business/stocks/buy-ujjivan-small-finance-bank-target-of-rs-45-emkay-global-financial-12850939.html
2024-10-25 14:26:00,Emkay Global Financial,IndusInd Bank,INDUSINDBK,Buy,1041.6,1650,1041.6,Not reached yet.,58.41013824884794,0.0,https://www.moneycontrol.com/news/business/stocks/buy-indusind-bank-target-of-rs-1650-emkay-global-financial-2-12850945.html
2024-10-25 14:57:00,Emkay Global Financial,UGRO Capital,UGROCAP,Buy,231.2,360,231.2,Not reached yet.,55.709342560553644,0.0,https://www.moneycontrol.com/news/business/stocks/buy-ugro-capital-target-of-rs-360-emkay-global-financial-12850965.html
2024-10-25 15:10:00,Emkay Global Financial,Colgate-Palmolive,CL,Reduce,,3000,,,,,https://www.moneycontrol.com/news/business/stocks/reduce-colgate-palmolive-target-of-rs-3000-emkay-global-financial-12850979.html
2024-10-25 15:16:00,Sharekhan,Nippon Life India Asset Management,NAM-INDIA,Buy,681.55,840,681.55,Not reached yet.,23.248477734575605,0.0,https://www.moneycontrol.com/news/business/stocks/buy-nippon-life-india-asset-management-target-of-rs-840-sharekhan-2-12850987.html
